cache_mode	shape	row_group_rows	selectivity_percent	projected_columns	benchmark	source_revision	rows	file_bytes	p50_ms	p95_ms	min_ms	cv_percent	peak_rss_bytes	arrow_pool_peak_bytes	row_groups_pruned	chunk_bytes_read	candidate_column_bytes
default	legacy-int	1024	1	1	ReaderOnlyScan/real_time	b47ed98fcfd3-dirty	1000000	7488774.0	0.13	0.134	0.125	2.3	8077312.0	73728.0	966.0	15280.0	NA
default	legacy-int	1024	1	1	BoundedParallelReaderScan/4/real_time	b47ed98fcfd3-dirty	1000000	7488774.0	0.347	0.353	0.342	1.31	11829248.0	91776.0	966.0	15280.0	NA
default	legacy-int	1024	1	1	ParquetReaderOnlyScan/Uncompressed/real_time	b47ed98fcfd3-dirty	1000000	47284424.0	0.704	0.712	0.681	1.64	18792448.0	670208.0	966.0	NA	110033.0
default	legacy-int	1024	1	1	ParquetReaderOnlyScan/ZSTD/real_time	b47ed98fcfd3-dirty	1000000	12486326.0	0.783	0.797	0.78	0.95	19218432.0	670208.0	966.0	NA	27965.0
default	legacy-int	1024	1	4	ReaderOnlyScan/real_time	b47ed98fcfd3-dirty	1000000	7488774.0	0.207	0.21	0.204	1.04	8421376.0	294912.0	966.0	63848.0	NA
default	legacy-int	1024	1	4	BoundedParallelReaderScan/4/real_time	b47ed98fcfd3-dirty	1000000	7488774.0	0.389	0.4	0.383	1.72	12599296.0	367104.0	966.0	63848.0	NA
default	legacy-int	1024	1	4	ParquetReaderOnlyScan/Uncompressed/real_time	b47ed98fcfd3-dirty	1000000	47284424.0	0.833	0.838	0.819	0.79	19775488.0	670208.0	966.0	NA	411587.0
default	legacy-int	1024	1	4	ParquetReaderOnlyScan/ZSTD/real_time	b47ed98fcfd3-dirty	1000000	12486326.0	1.085	1.112	1.068	1.43	19972096.0	670208.0	966.0	NA	103270.0
default	legacy-int	1024	10	1	ReaderOnlyScan/real_time	b47ed98fcfd3-dirty	1000000	7488774.0	0.368	0.375	0.362	1.35	7946240.0	73728.0	878.0	131440.0	NA
default	legacy-int	1024	10	1	BoundedParallelReaderScan/4/real_time	b47ed98fcfd3-dirty	1000000	7488774.0	0.743	0.757	0.728	1.31	11747328.0	98304.0	878.0	131440.0	NA
default	legacy-int	1024	10	1	ParquetReaderOnlyScan/Uncompressed/real_time	b47ed98fcfd3-dirty	1000000	47284424.0	1.61	1.657	1.574	2.13	20201472.0	956480.0	878.0	NA	947353.0
default	legacy-int	1024	10	1	ParquetReaderOnlyScan/ZSTD/real_time	b47ed98fcfd3-dirty	1000000	12486326.0	2.32	2.391	2.297	1.61	20889600.0	956480.0	878.0	NA	240485.0
default	legacy-int	1024	10	4	ReaderOnlyScan/real_time	b47ed98fcfd3-dirty	1000000	7488774.0	1.085	1.103	1.067	1.35	8421376.0	294912.0	878.0	584808.0	NA
default	legacy-int	1024	10	4	BoundedParallelReaderScan/4/real_time	b47ed98fcfd3-dirty	1000000	7488774.0	1.122	1.128	1.114	0.48	12484608.0	393216.0	878.0	584808.0	NA
default	legacy-int	1024	10	4	ParquetReaderOnlyScan/Uncompressed/real_time	b47ed98fcfd3-dirty	1000000	47284424.0	2.974	3.034	2.957	1.1	22806528.0	3868160.0	878.0	NA	3760867.0
default	legacy-int	1024	10	4	ParquetReaderOnlyScan/ZSTD/real_time	b47ed98fcfd3-dirty	1000000	12486326.0	5.075	5.177	4.961	1.83	23068672.0	3868160.0	878.0	NA	942014.0
default	legacy-int	1024	50	1	ReaderOnlyScan/real_time	b47ed98fcfd3-dirty	1000000	7488774.0	1.436	1.452	1.415	1.03	7962624.0	73728.0	488.0	646240.0	NA
default	legacy-int	1024	50	1	BoundedParallelReaderScan/4/real_time	b47ed98fcfd3-dirty	1000000	7488774.0	2.473	2.505	2.383	1.85	11812864.0	98304.0	488.0	646240.0	NA
default	legacy-int	1024	50	1	ParquetReaderOnlyScan/Uncompressed/real_time	b47ed98fcfd3-dirty	1000000	47284424.0	6.974	7.249	6.152	5.85	23674880.0	4690432.0	488.0	NA	4658203.0
default	legacy-int	1024	50	1	ParquetReaderOnlyScan/ZSTD/real_time	b47ed98fcfd3-dirty	1000000	12486326.0	8.917	10.248	8.756	7.44	24395776.0	4690432.0	488.0	NA	1182335.0
default	legacy-int	1024	50	4	ReaderOnlyScan/real_time	b47ed98fcfd3-dirty	1000000	7488774.0	5.06	5.122	5.053	0.61	8306688.0	294912.0	488.0	2893608.0	NA
default	legacy-int	1024	50	4	BoundedParallelReaderScan/4/real_time	b47ed98fcfd3-dirty	1000000	7488774.0	4.469	4.848	4.409	4.59	12369920.0	393216.0	488.0	2893608.0	NA
default	legacy-int	1024	50	4	ParquetReaderOnlyScan/Uncompressed/real_time	b47ed98fcfd3-dirty	1000000	47284424.0	12.231	12.705	12.022	2.28	38977536.0	18735744.0	488.0	NA	18604267.0
default	legacy-int	1024	50	4	ParquetReaderOnlyScan/ZSTD/real_time	b47ed98fcfd3-dirty	1000000	12486326.0	23.42	23.796	22.99	1.33	39583744.0	18735744.0	488.0	NA	4659370.0
default	legacy-int	1024	100	1	ReaderOnlyScan/real_time	b47ed98fcfd3-dirty	1000000	7488774.0	2.729	2.772	2.709	0.9	7913472.0	65536.0	0.0	1289080.0	NA
default	legacy-int	1024	100	1	BoundedParallelReaderScan/4/real_time	b47ed98fcfd3-dirty	1000000	7488774.0	4.486	4.637	4.161	3.91	11403264.0	90112.0	0.0	1289080.0	NA
default	legacy-int	1024	100	1	ParquetReaderOnlyScan/Uncompressed/real_time	b47ed98fcfd3-dirty	1000000	47284424.0	11.884	13.191	10.997	7.25	28311552.0	9348160.0	0.0	NA	9292008.0
default	legacy-int	1024	100	1	ParquetReaderOnlyScan/ZSTD/real_time	b47ed98fcfd3-dirty	1000000	12486326.0	17.319	17.666	16.836	1.76	28639232.0	9348160.0	0.0	NA	2358740.0
default	legacy-int	1024	100	4	ReaderOnlyScan/real_time	b47ed98fcfd3-dirty	1000000	7488774.0	9.907	9.945	9.789	0.66	8142848.0	262144.0	0.0	5781248.0	NA
default	legacy-int	1024	100	4	BoundedParallelReaderScan/4/real_time	b47ed98fcfd3-dirty	1000000	7488774.0	8.28	8.621	8.201	2.03	11911168.0	360448.0	0.0	5781248.0	NA
default	legacy-int	1024	100	4	ParquetReaderOnlyScan/Uncompressed/real_time	b47ed98fcfd3-dirty	1000000	47284424.0	24.269	25.647	23.754	3.43	79626240.0	37356864.0	0.0	NA	37168032.0
default	legacy-int	1024	100	4	ParquetReaderOnlyScan/ZSTD/real_time	b47ed98fcfd3-dirty	1000000	12486326.0	45.908	46.131	45.505	0.46	81035264.0	37356864.0	0.0	NA	9309141.0
default	legacy-int	8192	1	1	ReaderOnlyScan/real_time	b47ed98fcfd3-dirty	1000000	8826382.0	0.07	0.07	0.069	0.7	6537216.0	108160.0	120.0	40816.0	NA
default	legacy-int	8192	1	1	BoundedParallelReaderScan/4/real_time	b47ed98fcfd3-dirty	1000000	8826382.0	0.133	0.144	0.132	3.87	7733248.0	145728.0	120.0	40816.0	NA
default	legacy-int	8192	1	1	ParquetReaderOnlyScan/Uncompressed/real_time	b47ed98fcfd3-dirty	1000000	48267444.0	0.165	0.168	0.16	1.63	10010624.0	354496.0	120.0	NA	242095.0
default	legacy-int	8192	1	1	ParquetReaderOnlyScan/ZSTD/real_time	b47ed98fcfd3-dirty	1000000	13079943.0	0.327	0.336	0.323	1.55	10780672.0	370816.0	120.0	NA	65954.0
default	legacy-int	8192	1	4	ReaderOnlyScan/real_time	b47ed98fcfd3-dirty	1000000	8826382.0	0.138	0.139	0.137	0.6	7110656.0	432640.0	120.0	133736.0	NA
default	legacy-int	8192	1	4	BoundedParallelReaderScan/4/real_time	b47ed98fcfd3-dirty	1000000	8826382.0	0.175	0.191	0.167	5.99	8175616.0	451072.0	120.0	133736.0	NA
default	legacy-int	8192	1	4	ParquetReaderOnlyScan/Uncompressed/real_time	b47ed98fcfd3-dirty	1000000	48267444.0	0.284	0.29	0.277	1.51	11042816.0	886144.0	120.0	NA	731653.0
default	legacy-int	8192	1	4	ParquetReaderOnlyScan/ZSTD/real_time	b47ed98fcfd3-dirty	1000000	13079943.0	0.817	0.818	0.804	0.69	11337728.0	925568.0	120.0	NA	196564.0
default	legacy-int	8192	10	1	ReaderOnlyScan/real_time	b47ed98fcfd3-dirty	1000000	8826382.0	0.235	0.236	0.231	0.78	6733824.0	163840.0	109.0	187688.0	NA
default	legacy-int	8192	10	1	BoundedParallelReaderScan/4/real_time	b47ed98fcfd3-dirty	1000000	8826382.0	0.221	0.238	0.207	5.38	8077312.0	360448.0	109.0	187688.0	NA
default	legacy-int	8192	10	1	ParquetReaderOnlyScan/Uncompressed/real_time	b47ed98fcfd3-dirty	1000000	48267444.0	0.45	0.461	0.445	1.46	11370496.0	1045312.0	109.0	NA	1110094.0
default	legacy-int	8192	10	1	ParquetReaderOnlyScan/ZSTD/real_time	b47ed98fcfd3-dirty	1000000	13079943.0	1.192	1.203	1.175	0.79	11714560.0	1045312.0	109.0	NA	302652.0
default	legacy-int	8192	10	4	ReaderOnlyScan/real_time	b47ed98fcfd3-dirty	1000000	8826382.0	0.811	0.833	0.798	1.64	7520256.0	655360.0	109.0	777544.0	NA
default	legacy-int	8192	10	4	BoundedParallelReaderScan/4/real_time	b47ed98fcfd3-dirty	1000000	8826382.0	0.388	0.392	0.381	1.04	10797056.0	1441792.0	109.0	777544.0	NA
default	legacy-int	8192	10	4	ParquetReaderOnlyScan/Uncompressed/real_time	b47ed98fcfd3-dirty	1000000	48267444.0	1.173	1.205	1.161	1.5	15040512.0	4207936.0	109.0	NA	4203649.0
default	legacy-int	8192	10	4	ParquetReaderOnlyScan/ZSTD/real_time	b47ed98fcfd3-dirty	1000000	13079943.0	4.256	4.289	4.185	0.93	15892480.0	4207936.0	109.0	NA	1128945.0
default	legacy-int	8192	50	1	ReaderOnlyScan/real_time	b47ed98fcfd3-dirty	1000000	8826382.0	0.983	0.985	0.976	0.29	6815744.0	163840.0	61.0	828584.0	NA
default	legacy-int	8192	50	1	BoundedParallelReaderScan/4/real_time	b47ed98fcfd3-dirty	1000000	8826382.0	0.588	0.605	0.566	2.47	8388608.0	360448.0	61.0	828584.0	NA
default	legacy-int	8192	50	1	ParquetReaderOnlyScan/Uncompressed/real_time	b47ed98fcfd3-dirty	1000000	48267444.0	1.752	1.759	1.708	1.29	17612800.0	4833088.0	61.0	NA	4897726.0
default	legacy-int	8192	50	1	ParquetReaderOnlyScan/ZSTD/real_time	b47ed98fcfd3-dirty	1000000	13079943.0	4.979	4.998	4.912	0.6	17825792.0	4833088.0	61.0	NA	1335516.0
default	legacy-int	8192	50	4	ReaderOnlyScan/real_time	b47ed98fcfd3-dirty	1000000	8826382.0	3.796	3.823	3.782	0.4	8093696.0	655360.0	61.0	3586888.0	NA
default	legacy-int	8192	50	4	BoundedParallelReaderScan/4/real_time	b47ed98fcfd3-dirty	1000000	8826382.0	1.355	1.363	1.349	0.42	10813440.0	1441792.0	61.0	3586888.0	NA
default	legacy-int	8192	50	4	ParquetReaderOnlyScan/Uncompressed/real_time	b47ed98fcfd3-dirty	1000000	48267444.0	5.665	5.795	5.574	1.42	30441472.0	19359040.0	61.0	NA	19354177.0
default	legacy-int	8192	50	4	ParquetReaderOnlyScan/ZSTD/real_time	b47ed98fcfd3-dirty	1000000	13079943.0	19.041	19.169	18.876	0.53	31129600.0	19359040.0	61.0	NA	5197473.0
default	legacy-int	8192	100	1	ReaderOnlyScan/real_time	b47ed98fcfd3-dirty	1000000	8826382.0	1.73	1.734	1.711	0.53	6356992.0	65536.0	0.0	1629704.0	NA
default	legacy-int	8192	100	1	BoundedParallelReaderScan/4/real_time	b47ed98fcfd3-dirty	1000000	8826382.0	0.914	0.932	0.893	1.92	7618560.0	262144.0	0.0	1629704.0	NA
default	legacy-int	8192	100	1	ParquetReaderOnlyScan/Uncompressed/real_time	b47ed98fcfd3-dirty	1000000	48267444.0	3.515	3.632	3.458	1.94	19824640.0	9725632.0	0.0	NA	9632266.0
default	legacy-int	8192	100	1	ParquetReaderOnlyScan/ZSTD/real_time	b47ed98fcfd3-dirty	1000000	13079943.0	9.875	9.99	9.799	0.79	21430272.0	9725632.0	0.0	NA	2627205.0
default	legacy-int	8192	100	4	ReaderOnlyScan/real_time	b47ed98fcfd3-dirty	1000000	8826382.0	7.051	7.254	6.942	1.85	6766592.0	262144.0	0.0	7143744.0	NA
default	legacy-int	8192	100	4	BoundedParallelReaderScan/4/real_time	b47ed98fcfd3-dirty	1000000	8826382.0	2.338	2.379	2.316	0.99	9060352.0	1048576.0	0.0	7143744.0	NA
default	legacy-int	8192	100	4	ParquetReaderOnlyScan/Uncompressed/real_time	b47ed98fcfd3-dirty	1000000	48267444.0	11.357	12.629	11.203	5.16	69828608.0	38929216.0	0.0	NA	38529064.0
default	legacy-int	8192	100	4	ParquetReaderOnlyScan/ZSTD/real_time	b47ed98fcfd3-dirty	1000000	13079943.0	38.069	38.471	37.624	0.87	71417856.0	38929216.0	0.0	NA	10346740.0
default	legacy-int	65536	1	1	ReaderOnlyScan/real_time	b47ed98fcfd3-dirty	1000000	10622618.0	0.103	0.104	0.102	0.47	6373376.0	216960.0	15.0	63680.0	NA
default	legacy-int	65536	1	1	BoundedParallelReaderScan/4/real_time	b47ed98fcfd3-dirty	1000000	10622618.0	0.153	0.158	0.148	2.36	6930432.0	216960.0	15.0	63680.0	NA
default	legacy-int	65536	1	1	ParquetReaderOnlyScan/Uncompressed/real_time	b47ed98fcfd3-dirty	1000000	49843287.0	0.091	0.094	0.09	1.73	8978432.0	672128.0	15.0	NA	335116.0
default	legacy-int	65536	1	1	ParquetReaderOnlyScan/ZSTD/real_time	b47ed98fcfd3-dirty	1000000	14344963.0	0.323	0.326	0.315	1.2	9486336.0	704832.0	15.0	NA	96450.0
default	legacy-int	65536	1	4	ReaderOnlyScan/real_time	b47ed98fcfd3-dirty	1000000	10622618.0	0.19	0.193	0.185	1.87	6684672.0	456960.0	15.0	167680.0	NA
default	legacy-int	65536	1	4	BoundedParallelReaderScan/4/real_time	b47ed98fcfd3-dirty	1000000	10622618.0	0.239	0.244	0.236	1.37	7192576.0	456960.0	15.0	167680.0	NA
default	legacy-int	65536	1	4	ParquetReaderOnlyScan/Uncompressed/real_time	b47ed98fcfd3-dirty	1000000	49843287.0	0.207	0.208	0.202	1.17	10108928.0	1680128.0	15.0	NA	837790.0
default	legacy-int	65536	1	4	ParquetReaderOnlyScan/ZSTD/real_time	b47ed98fcfd3-dirty	1000000	14344963.0	0.778	0.781	0.758	1.07	10600448.0	1759232.0	15.0	NA	238502.0
default	legacy-int	65536	10	1	ReaderOnlyScan/real_time	b47ed98fcfd3-dirty	1000000	10622618.0	0.468	0.47	0.452	1.59	7225344.0	697088.0	13.0	425176.0	NA
default	legacy-int	65536	10	1	BoundedParallelReaderScan/4/real_time	b47ed98fcfd3-dirty	1000000	10622618.0	0.387	0.39	0.385	0.46	9388032.0	1326528.0	13.0	425176.0	NA
default	legacy-int	65536	10	1	ParquetReaderOnlyScan/Uncompressed/real_time	b47ed98fcfd3-dirty	1000000	49843287.0	0.43	0.447	0.422	2.19	12533760.0	2420416.0	13.0	NA	2126876.0
default	legacy-int	65536	10	1	ParquetReaderOnlyScan/ZSTD/real_time	b47ed98fcfd3-dirty	1000000	14344963.0	1.826	1.835	1.808	0.56	13533184.0	2542464.0	13.0	NA	617718.0
default	legacy-int	65536	10	4	ReaderOnlyScan/real_time	b47ed98fcfd3-dirty	1000000	10622618.0	1.057	1.061	1.054	0.26	9453568.0	2788352.0	13.0	1397768.0	NA
default	legacy-int	65536	10	4	BoundedParallelReaderScan/4/real_time	b47ed98fcfd3-dirty	1000000	10622618.0	0.578	0.58	0.577	0.25	12271616.0	3726528.0	13.0	1397768.0	NA
default	legacy-int	65536	10	4	ParquetReaderOnlyScan/Uncompressed/real_time	b47ed98fcfd3-dirty	1000000	49843287.0	1.263	1.273	1.244	0.93	17809408.0	6050880.0	13.0	NA	6548186.0
default	legacy-int	65536	10	4	ParquetReaderOnlyScan/ZSTD/real_time	b47ed98fcfd3-dirty	1000000	14344963.0	5.673	5.711	5.607	0.68	18350080.0	6345728.0	13.0	NA	1878272.0
default	legacy-int	65536	50	1	ReaderOnlyScan/real_time	b47ed98fcfd3-dirty	1000000	10622618.0	1.128	1.133	1.122	0.35	7880704.0	1081344.0	7.0	1211848.0	NA
default	legacy-int	65536	50	1	BoundedParallelReaderScan/4/real_time	b47ed98fcfd3-dirty	1000000	10622618.0	0.566	0.571	0.563	0.55	10731520.0	2654208.0	7.0	1211848.0	NA
default	legacy-int	65536	50	1	ParquetReaderOnlyScan/Uncompressed/real_time	b47ed98fcfd3-dirty	1000000	49843287.0	1.226	1.237	1.212	0.85	16187392.0	5296576.0	7.0	NA	6045512.0
default	legacy-int	65536	50	1	ParquetReaderOnlyScan/ZSTD/real_time	b47ed98fcfd3-dirty	1000000	14344963.0	5.102	5.132	5.038	0.61	16384000.0	5296576.0	7.0	NA	1756704.0
default	legacy-int	65536	50	4	ReaderOnlyScan/real_time	b47ed98fcfd3-dirty	1000000	10622618.0	4.022	4.06	3.917	1.3	11714560.0	4325376.0	7.0	4790216.0	NA
default	legacy-int	65536	50	4	BoundedParallelReaderScan/4/real_time	b47ed98fcfd3-dirty	1000000	10622618.0	1.419	1.506	1.267	7.59	22691840.0	10616832.0	7.0	4790216.0	NA
default	legacy-int	65536	50	4	ParquetReaderOnlyScan/Uncompressed/real_time	b47ed98fcfd3-dirty	1000000	49843287.0	4.99	5.116	4.891	1.59	33800192.0	21185920.0	7.0	NA	22222730.0
default	legacy-int	65536	50	4	ParquetReaderOnlyScan/ZSTD/real_time	b47ed98fcfd3-dirty	1000000	14344963.0	19.323	19.521	19.228	0.57	34013184.0	21185920.0	7.0	NA	6372764.0
default	legacy-int	65536	100	1	ReaderOnlyScan/real_time	b47ed98fcfd3-dirty	1000000	10622618.0	1.627	1.636	1.615	0.43	6733824.0	524288.0	0.0	1998520.0	NA
default	legacy-int	65536	100	1	BoundedParallelReaderScan/4/real_time	b47ed98fcfd3-dirty	1000000	10622618.0	0.541	0.564	0.521	2.92	9830400.0	2097152.0	0.0	1998520.0	NA
default	legacy-int	65536	100	1	ParquetReaderOnlyScan/Uncompressed/real_time	b47ed98fcfd3-dirty	1000000	49843287.0	2.267	2.404	2.156	4.71	21299200.0	10521536.0	0.0	NA	9964148.0
default	legacy-int	65536	100	1	ParquetReaderOnlyScan/ZSTD/real_time	b47ed98fcfd3-dirty	1000000	14344963.0	8.476	8.599	8.427	0.82	21495808.0	10521536.0	0.0	NA	2896355.0
default	legacy-int	65536	100	4	ReaderOnlyScan/real_time	b47ed98fcfd3-dirty	1000000	10622618.0	6.976	7.005	6.91	0.54	8503296.0	2097152.0	0.0	8616960.0	NA
default	legacy-int	65536	100	4	BoundedParallelReaderScan/4/real_time	b47ed98fcfd3-dirty	1000000	10622618.0	2.008	2.039	1.985	1.01	17891328.0	8388608.0	0.0	8616960.0	NA
default	legacy-int	65536	100	4	ParquetReaderOnlyScan/Uncompressed/real_time	b47ed98fcfd3-dirty	1000000	49843287.0	8.906	10.11	8.858	6.02	73940992.0	42085760.0	0.0	NA	39856592.0
default	legacy-int	65536	100	4	ParquetReaderOnlyScan/ZSTD/real_time	b47ed98fcfd3-dirty	1000000	14344963.0	34.9	35.089	34.725	0.39	74498048.0	42085760.0	0.0	NA	11426104.0
default	legacy-int	262144	1	1	ReaderOnlyScan/real_time	b47ed98fcfd3-dirty	1000000	11877802.0	0.899	0.905	0.892	0.48	8798208.0	1789824.0	3.0	961136.0	NA
default	legacy-int	262144	1	1	BoundedParallelReaderScan/4/real_time	b47ed98fcfd3-dirty	1000000	11877802.0	0.942	0.952	0.935	0.71	9306112.0	1789824.0	3.0	961136.0	NA
default	legacy-int	262144	1	1	ParquetReaderOnlyScan/Uncompressed/real_time	b47ed98fcfd3-dirty	1000000	45432202.0	0.602	0.617	0.595	1.5	17367040.0	6124736.0	3.0	NA	3958910.0
default	legacy-int	262144	1	1	ParquetReaderOnlyScan/ZSTD/real_time	b47ed98fcfd3-dirty	1000000	10110063.0	3.211	3.229	3.17	0.65	17580032.0	6124736.0	3.0	NA	951058.0
default	legacy-int	262144	1	4	ReaderOnlyScan/real_time	b47ed98fcfd3-dirty	1000000	11877802.0	1.183	1.201	1.146	1.71	9175040.0	2029824.0	3.0	2536320.0	NA
default	legacy-int	262144	1	4	BoundedParallelReaderScan/4/real_time	b47ed98fcfd3-dirty	1000000	11877802.0	1.24	1.274	1.235	1.36	9682944.0	2029824.0	3.0	2536320.0	NA
default	legacy-int	262144	1	4	ParquetReaderOnlyScan/Uncompressed/real_time	b47ed98fcfd3-dirty	1000000	45432202.0	1.663	1.712	1.648	1.54	27295744.0	15311744.0	3.0	NA	9897275.0
default	legacy-int	262144	1	4	ParquetReaderOnlyScan/ZSTD/real_time	b47ed98fcfd3-dirty	1000000	10110063.0	8.236	8.294	8.169	0.53	27508736.0	15311744.0	3.0	NA	2344376.0
default	legacy-int	262144	10	1	ReaderOnlyScan/real_time	b47ed98fcfd3-dirty	1000000	11877802.0	1.199	1.209	1.187	0.66	9846784.0	2521088.0	3.0	961136.0	NA
default	legacy-int	262144	10	1	BoundedParallelReaderScan/4/real_time	b47ed98fcfd3-dirty	1000000	11877802.0	1.241	1.252	1.236	0.54	10321920.0	2521088.0	3.0	961136.0	NA
default	legacy-int	262144	10	1	ParquetReaderOnlyScan/Uncompressed/real_time	b47ed98fcfd3-dirty	1000000	45432202.0	0.607	0.622	0.589	1.97	17694720.0	6124736.0	3.0	NA	3958910.0
default	legacy-int	262144	10	1	ParquetReaderOnlyScan/ZSTD/real_time	b47ed98fcfd3-dirty	1000000	10110063.0	3.199	3.249	3.142	1.31	17874944.0	6124736.0	3.0	NA	951058.0
default	legacy-int	262144	10	4	ReaderOnlyScan/real_time	b47ed98fcfd3-dirty	1000000	11877802.0	2.02	2.032	2.019	0.29	12353536.0	4921088.0	3.0	2536320.0	NA
default	legacy-int	262144	10	4	BoundedParallelReaderScan/4/real_time	b47ed98fcfd3-dirty	1000000	11877802.0	2.087	2.109	2.066	0.73	13582336.0	4921088.0	3.0	2536320.0	NA
default	legacy-int	262144	10	4	ParquetReaderOnlyScan/Uncompressed/real_time	b47ed98fcfd3-dirty	1000000	45432202.0	1.794	4.272	1.677	49.11	27443200.0	15311744.0	3.0	NA	9897275.0
default	legacy-int	262144	10	4	ParquetReaderOnlyScan/ZSTD/real_time	b47ed98fcfd3-dirty	1000000	10110063.0	8.302	8.335	8.244	0.43	27787264.0	15311744.0	3.0	NA	2344376.0
default	legacy-int	262144	50	1	ReaderOnlyScan/real_time	b47ed98fcfd3-dirty	1000000	11877802.0	2.078	2.083	2.02	1.09	11501568.0	3838464.0	1.0	2250160.0	NA
default	legacy-int	262144	50	1	BoundedParallelReaderScan/4/real_time	b47ed98fcfd3-dirty	1000000	11877802.0	1.259	1.284	1.25	1.09	17022976.0	6100224.0	1.0	2250160.0	NA
default	legacy-int	262144	50	1	ParquetReaderOnlyScan/Uncompressed/real_time	b47ed98fcfd3-dirty	1000000	45432202.0	1.597	1.657	1.527	2.78	19939328.0	6902080.0	1.0	NA	9083785.0
default	legacy-int	262144	50	1	ParquetReaderOnlyScan/ZSTD/real_time	b47ed98fcfd3-dirty	1000000	10110063.0	7.341	7.403	7.331	0.45	21233664.0	6902080.0	1.0	NA	2050475.0
default	legacy-int	262144	50	4	ReaderOnlyScan/real_time	b47ed98fcfd3-dirty	1000000	11877802.0	4.972	5.039	4.956	0.69	23789568.0	15353856.0	1.0	7692208.0	NA
default	legacy-int	262144	50	4	BoundedParallelReaderScan/4/real_time	b47ed98fcfd3-dirty	1000000	11877802.0	3.201	3.251	3.189	0.81	28196864.0	15353856.0	1.0	7692208.0	NA
default	legacy-int	262144	50	4	ParquetReaderOnlyScan/Uncompressed/real_time	b47ed98fcfd3-dirty	1000000	45432202.0	5.451	5.537	5.36	1.26	40730624.0	21721856.0	1.0	NA	29230810.0
default	legacy-int	262144	50	4	ParquetReaderOnlyScan/ZSTD/real_time	b47ed98fcfd3-dirty	1000000	10110063.0	24.192	24.297	24.141	0.26	40927232.0	21721856.0	1.0	NA	6512015.0
default	legacy-int	262144	100	1	ReaderOnlyScan/real_time	b47ed98fcfd3-dirty	1000000	11877802.0	1.786	1.793	1.78	0.25	8683520.0	2097152.0	0.0	2250160.0	NA
default	legacy-int	262144	100	1	BoundedParallelReaderScan/4/real_time	b47ed98fcfd3-dirty	1000000	11877802.0	0.581	0.598	0.57	1.85	18284544.0	8000000.0	0.0	2250160.0	NA
default	legacy-int	262144	100	1	ParquetReaderOnlyScan/Uncompressed/real_time	b47ed98fcfd3-dirty	1000000	45432202.0	1.465	1.523	1.443	2.17	22446080.0	10166784.0	0.0	NA	9083785.0
default	legacy-int	262144	100	1	ParquetReaderOnlyScan/ZSTD/real_time	b47ed98fcfd3-dirty	1000000	10110063.0	7.338	7.382	7.304	0.39	22642688.0	10166784.0	0.0	NA	2051140.0
default	legacy-int	262144	100	4	ReaderOnlyScan/real_time	b47ed98fcfd3-dirty	1000000	11877802.0	7.218	7.307	7.178	0.71	15974400.0	8388608.0	0.0	9625640.0	NA
default	legacy-int	262144	100	4	BoundedParallelReaderScan/4/real_time	b47ed98fcfd3-dirty	1000000	11877802.0	3.954	3.979	3.93	0.47	27443200.0	16777216.0	0.0	9625640.0	NA
default	legacy-int	262144	100	4	ParquetReaderOnlyScan/Uncompressed/real_time	b47ed98fcfd3-dirty	1000000	45432202.0	6.815	6.916	6.731	0.97	57638912.0	40666752.0	0.0	NA	36335140.0
default	legacy-int	262144	100	4	ParquetReaderOnlyScan/ZSTD/real_time	b47ed98fcfd3-dirty	1000000	10110063.0	30.447	30.513	30.28	0.33	59244544.0	40666752.0	0.0	NA	8045702.0
default	high-entropy-binary	1024	1	1	ReaderOnlyScan/real_time	b47ed98fcfd3-dirty	1000000	138787499.0	0.285	0.289	0.283	0.79	8503296.0	316032.0	966.0	372004.0	NA
default	high-entropy-binary	1024	1	1	BoundedParallelReaderScan/4/real_time	b47ed98fcfd3-dirty	1000000	138787499.0	0.399	0.402	0.393	0.78	15532032.0	399296.0	966.0	372004.0	NA
default	high-entropy-binary	1024	1	1	ParquetReaderOnlyScan/Uncompressed/real_time	b47ed98fcfd3-dirty	1000000	151894612.0	0.905	0.923	0.898	1.03	24379392.0	845440.0	966.0	NA	391824.0
default	high-entropy-binary	1024	1	1	ParquetReaderOnlyScan/ZSTD/real_time	b47ed98fcfd3-dirty	1000000	138617414.0	1.14	1.15	1.127	0.79	24969216.0	845440.0	966.0	NA	366708.0
default	high-entropy-binary	1024	1	4	ReaderOnlyScan/real_time	b47ed98fcfd3-dirty	1000000	138787499.0	0.818	0.826	0.803	0.98	10829824.0	1264128.0	966.0	1484056.0	NA
default	high-entropy-binary	1024	1	4	BoundedParallelReaderScan/4/real_time	b47ed98fcfd3-dirty	1000000	138787499.0	0.649	0.661	0.596	4.44	21823488.0	1579904.0	966.0	1484056.0	NA
default	high-entropy-binary	1024	1	4	ParquetReaderOnlyScan/Uncompressed/real_time	b47ed98fcfd3-dirty	1000000	151894612.0	1.517	1.603	1.495	2.91	29327360.0	2097024.0	966.0	NA	1538751.0
default	high-entropy-binary	1024	1	4	ParquetReaderOnlyScan/ZSTD/real_time	b47ed98fcfd3-dirty	1000000	138617414.0	2.404	2.444	2.394	0.85	29605888.0	2287040.0	966.0	NA	1463827.0
default	high-entropy-binary	1024	10	1	ReaderOnlyScan/real_time	b47ed98fcfd3-dirty	1000000	138787499.0	1.846	1.868	1.83	0.81	8945664.0	316032.0	878.0	3460132.0	NA
default	high-entropy-binary	1024	10	1	BoundedParallelReaderScan/4/real_time	b47ed98fcfd3-dirty	1000000	138787499.0	1.247	1.351	1.228	4.47	15712256.0	427200.0	878.0	3460132.0	NA
default	high-entropy-binary	1024	10	1	ParquetReaderOnlyScan/Uncompressed/real_time	b47ed98fcfd3-dirty	1000000	151894612.0	3.295	3.401	2.995	4.21	27099136.0	3684480.0	878.0	NA	3576724.0
default	high-entropy-binary	1024	10	1	ParquetReaderOnlyScan/ZSTD/real_time	b47ed98fcfd3-dirty	1000000	138617414.0	5.395	5.481	5.335	1.06	27312128.0	3684480.0	878.0	NA	3404252.0
default	high-entropy-binary	1024	10	4	ReaderOnlyScan/real_time	b47ed98fcfd3-dirty	1000000	138787499.0	7.19	7.324	7.104	1.09	10960896.0	1264128.0	878.0	13836568.0	NA
default	high-entropy-binary	1024	10	4	BoundedParallelReaderScan/4/real_time	b47ed98fcfd3-dirty	1000000	138787499.0	3.169	3.24	3.111	1.62	20152320.0	1689600.0	878.0	13836568.0	NA
default	high-entropy-binary	1024	10	4	ParquetReaderOnlyScan/Uncompressed/real_time	b47ed98fcfd3-dirty	1000000	151894612.0	8.813	9.079	8.674	1.75	41467904.0	14839552.0	878.0	NA	14278351.0
default	high-entropy-binary	1024	10	4	ParquetReaderOnlyScan/ZSTD/real_time	b47ed98fcfd3-dirty	1000000	138617414.0	17.348	18.085	16.983	2.58	41746432.0	14839552.0	878.0	NA	13618743.0
default	high-entropy-binary	1024	50	1	ReaderOnlyScan/real_time	b47ed98fcfd3-dirty	1000000	138787499.0	9.341	9.481	9.139	1.49	8749056.0	316032.0	488.0	17146188.0	NA
default	high-entropy-binary	1024	50	1	BoundedParallelReaderScan/4/real_time	b47ed98fcfd3-dirty	1000000	138787499.0	5.115	5.195	5.002	1.56	16203776.0	427200.0	488.0	17146188.0	NA
default	high-entropy-binary	1024	50	1	ParquetReaderOnlyScan/Uncompressed/real_time	b47ed98fcfd3-dirty	1000000	151894612.0	14.411	14.614	14.031	1.54	41222144.0	17866688.0	488.0	NA	17691666.0
default	high-entropy-binary	1024	50	1	ParquetReaderOnlyScan/ZSTD/real_time	b47ed98fcfd3-dirty	1000000	138617414.0	25.286	26.83	24.631	3.56	41844736.0	17866688.0	488.0	NA	16877001.0
default	high-entropy-binary	1024	50	4	ReaderOnlyScan/real_time	b47ed98fcfd3-dirty	1000000	138787499.0	36.748	37.086	36.624	0.48	10829824.0	1264128.0	488.0	68580792.0	NA
default	high-entropy-binary	1024	50	4	BoundedParallelReaderScan/4/real_time	b47ed98fcfd3-dirty	1000000	138787499.0	14.065	14.827	13.738	2.86	20480000.0	1689600.0	488.0	68580792.0	NA
default	high-entropy-binary	1024	50	4	ParquetReaderOnlyScan/Uncompressed/real_time	b47ed98fcfd3-dirty	1000000	151894612.0	43.195	47.974	42.483	5.32	111149056.0	71408320.0	488.0	NA	70738119.0
default	high-entropy-binary	1024	50	4	ParquetReaderOnlyScan/ZSTD/real_time	b47ed98fcfd3-dirty	1000000	138617414.0	87.01	87.437	86.606	0.37	178503680.0	71408320.0	488.0	NA	67522381.0
default	high-entropy-binary	1024	100	1	ReaderOnlyScan/real_time	b47ed98fcfd3-dirty	1000000	138787499.0	18.802	19.281	18.644	1.47	8404992.0	280896.0	0.0	34269988.0	NA
default	high-entropy-binary	1024	100	1	BoundedParallelReaderScan/4/real_time	b47ed98fcfd3-dirty	1000000	138787499.0	9.768	9.966	9.484	1.96	16187392.0	392064.0	0.0	34269988.0	NA
default	high-entropy-binary	1024	100	1	ParquetReaderOnlyScan/Uncompressed/real_time	b47ed98fcfd3-dirty	1000000	151894612.0	28.577	29.684	27.804	2.47	111804416.0	35561600.0	0.0	NA	35343926.0
default	high-entropy-binary	1024	100	1	ParquetReaderOnlyScan/ZSTD/real_time	b47ed98fcfd3-dirty	1000000	138617414.0	50.512	50.674	50.148	0.36	112541696.0	35561600.0	0.0	NA	33750230.0
default	high-entropy-binary	1024	100	4	ReaderOnlyScan/real_time	b47ed98fcfd3-dirty	1000000	138787499.0	73.157	74.157	72.603	0.87	10452992.0	1123584.0	0.0	137079952.0	NA
default	high-entropy-binary	1024	100	4	BoundedParallelReaderScan/4/real_time	b47ed98fcfd3-dirty	1000000	138787499.0	27.371	27.616	27.2	0.59	19054592.0	1547136.0	0.0	137079952.0	NA
default	high-entropy-binary	1024	100	4	ParquetReaderOnlyScan/Uncompressed/real_time	b47ed98fcfd3-dirty	1000000	151894612.0	85.455	92.024	83.965	3.95	195706880.0	142218112.0	0.0	NA	141375704.0
default	high-entropy-binary	1024	100	4	ParquetReaderOnlyScan/ZSTD/real_time	b47ed98fcfd3-dirty	1000000	138617414.0	174.961	176.103	174.472	0.37	330301440.0	142218112.0	0.0	NA	135034111.0
default	high-entropy-binary	8192	1	1	ReaderOnlyScan/real_time	b47ed98fcfd3-dirty	1000000	138666963.0	0.267	0.269	0.264	0.66	7798784.0	463232.0	120.0	594180.0	NA
default	high-entropy-binary	8192	1	1	BoundedParallelReaderScan/4/real_time	b47ed98fcfd3-dirty	1000000	138666963.0	0.227	0.232	0.223	1.52	11583488.0	483072.0	120.0	594180.0	NA
default	high-entropy-binary	8192	1	1	ParquetReaderOnlyScan/Uncompressed/real_time	b47ed98fcfd3-dirty	1000000	152410904.0	0.388	0.402	0.382	2.07	15499264.0	1027072.0	120.0	NA	683446.0
default	high-entropy-binary	8192	1	1	ParquetReaderOnlyScan/ZSTD/real_time	b47ed98fcfd3-dirty	1000000	138299872.0	0.704	0.715	0.702	0.78	16023552.0	1300352.0	120.0	NA	589069.0
default	high-entropy-binary	8192	1	4	ReaderOnlyScan/real_time	b47ed98fcfd3-dirty	1000000	138666963.0	0.89	0.903	0.881	0.91	9699328.0	1852928.0	120.0	2336664.0	NA
default	high-entropy-binary	8192	1	4	BoundedParallelReaderScan/4/real_time	b47ed98fcfd3-dirty	1000000	138666963.0	0.622	0.632	0.615	0.92	15040512.0	1932288.0	120.0	2336664.0	NA
default	high-entropy-binary	8192	1	4	ParquetReaderOnlyScan/Uncompressed/real_time	b47ed98fcfd3-dirty	1000000	152410904.0	1.199	1.205	1.162	1.47	20430848.0	3553408.0	120.0	NA	2497057.0
default	high-entropy-binary	8192	1	4	ParquetReaderOnlyScan/ZSTD/real_time	b47ed98fcfd3-dirty	1000000	138299872.0	2.521	2.536	2.49	0.6	21020672.0	4610752.0	120.0	NA	2301999.0
default	high-entropy-binary	8192	10	1	ReaderOnlyScan/real_time	b47ed98fcfd3-dirty	1000000	138666963.0	1.619	1.642	1.611	0.78	8273920.0	701568.0	109.0	3680184.0	NA
default	high-entropy-binary	8192	10	1	BoundedParallelReaderScan/4/real_time	b47ed98fcfd3-dirty	1000000	138666963.0	0.621	0.625	0.62	0.34	19644416.0	1589504.0	109.0	3680184.0	NA
default	high-entropy-binary	8192	10	1	ParquetReaderOnlyScan/Uncompressed/real_time	b47ed98fcfd3-dirty	1000000	152410904.0	1.869	2.01	1.841	4.06	24051712.0	4063040.0	109.0	NA	3896421.0
default	high-entropy-binary	8192	10	1	ParquetReaderOnlyScan/ZSTD/real_time	b47ed98fcfd3-dirty	1000000	138299872.0	4.332	4.398	4.181	1.75	24231936.0	4166464.0	109.0	NA	3651517.0
default	high-entropy-binary	8192	10	4	ReaderOnlyScan/real_time	b47ed98fcfd3-dirty	1000000	138666963.0	6.48	6.588	6.396	1.02	11190272.0	2806272.0	109.0	14680680.0	NA
default	high-entropy-binary	8192	10	4	BoundedParallelReaderScan/4/real_time	b47ed98fcfd3-dirty	1000000	138666963.0	2.162	2.237	2.144	1.87	26771456.0	5908032.0	109.0	14680680.0	NA
default	high-entropy-binary	8192	10	4	ParquetReaderOnlyScan/Uncompressed/real_time	b47ed98fcfd3-dirty	1000000	152410904.0	7.183	7.401	7.079	1.66	32522240.0	16315520.0	109.0	NA	15348957.0
default	high-entropy-binary	8192	10	4	ParquetReaderOnlyScan/ZSTD/real_time	b47ed98fcfd3-dirty	1000000	138299872.0	16.269	16.464	16.134	0.87	33701888.0	16700288.0	109.0	NA	14520663.0
default	high-entropy-binary	8192	50	1	ReaderOnlyScan/real_time	b47ed98fcfd3-dirty	1000000	138666963.0	7.969	8.007	7.869	0.59	8896512.0	701568.0	61.0	17146264.0	NA
default	high-entropy-binary	8192	50	1	BoundedParallelReaderScan/4/real_time	b47ed98fcfd3-dirty	1000000	138666963.0	2.448	2.467	2.417	0.85	22085632.0	1589568.0	61.0	17146264.0	NA
default	high-entropy-binary	8192	50	1	ParquetReaderOnlyScan/Uncompressed/real_time	b47ed98fcfd3-dirty	1000000	152410904.0	9.118	9.208	8.774	1.97	35127296.0	18083968.0	61.0	NA	17916549.0
default	high-entropy-binary	8192	50	1	ParquetReaderOnlyScan/ZSTD/real_time	b47ed98fcfd3-dirty	1000000	138299872.0	19.014	19.105	18.876	0.46	35782656.0	18083968.0	61.0	NA	16952663.0
default	high-entropy-binary	8192	50	4	ReaderOnlyScan/real_time	b47ed98fcfd3-dirty	1000000	138666963.0	32.225	32.387	31.783	0.69	11829248.0	2806272.0	61.0	68545000.0	NA
default	high-entropy-binary	8192	50	4	BoundedParallelReaderScan/4/real_time	b47ed98fcfd3-dirty	1000000	138666963.0	9.711	10.633	9.254	5.75	26705920.0	6072704.0	61.0	68545000.0	NA
default	high-entropy-binary	8192	50	4	ParquetReaderOnlyScan/Uncompressed/real_time	b47ed98fcfd3-dirty	1000000	152410904.0	34.169	35.729	33.657	2.61	105332736.0	72398592.0	61.0	NA	71429469.0
default	high-entropy-binary	8192	50	4	ParquetReaderOnlyScan/ZSTD/real_time	b47ed98fcfd3-dirty	1000000	138299872.0	76.006	78.526	75.789	1.74	110264320.0	72398592.0	61.0	NA	67839958.0
default	high-entropy-binary	8192	100	1	ReaderOnlyScan/real_time	b47ed98fcfd3-dirty	1000000	138666963.0	15.558	15.7	15.494	0.53	7307264.0	296000.0	0.0	34246076.0	NA
default	high-entropy-binary	8192	100	1	BoundedParallelReaderScan/4/real_time	b47ed98fcfd3-dirty	1000000	138666963.0	4.637	4.798	4.45	2.51	18546688.0	1184000.0	0.0	34246076.0	NA
default	high-entropy-binary	8192	100	1	ParquetReaderOnlyScan/Uncompressed/real_time	b47ed98fcfd3-dirty	1000000	152410904.0	17.789	19.066	17.698	3.4	72089600.0	36194368.0	0.0	NA	35654909.0
default	high-entropy-binary	8192	100	1	ParquetReaderOnlyScan/ZSTD/real_time	b47ed98fcfd3-dirty	1000000	138299872.0	38.11	38.423	37.968	0.46	74973184.0	36194368.0	0.0	NA	33865837.0
default	high-entropy-binary	8192	100	4	ReaderOnlyScan/real_time	b47ed98fcfd3-dirty	1000000	138666963.0	62.277	62.63	61.819	0.44	8798208.0	1137920.0	0.0	136984304.0	NA
default	high-entropy-binary	8192	100	4	BoundedParallelReaderScan/4/real_time	b47ed98fcfd3-dirty	1000000	138666963.0	17.189	17.777	16.939	1.98	24887296.0	4550912.0	0.0	136984304.0	NA
default	high-entropy-binary	8192	100	4	ParquetReaderOnlyScan/Uncompressed/real_time	b47ed98fcfd3-dirty	1000000	152410904.0	68.89	72.172	67.649	2.63	166952960.0	144839296.0	0.0	NA	142619636.0
default	high-entropy-binary	8192	100	4	ParquetReaderOnlyScan/ZSTD/real_time	b47ed98fcfd3-dirty	1000000	138299872.0	150.917	152.431	150.487	0.56	175144960.0	144839296.0	0.0	NA	135513841.0
default	high-entropy-binary	65536	1	1	ReaderOnlyScan/real_time	b47ed98fcfd3-dirty	1000000	138977999.0	0.284	0.286	0.284	0.26	8224768.0	701312.0	15.0	612612.0	NA
default	high-entropy-binary	65536	1	1	BoundedParallelReaderScan/4/real_time	b47ed98fcfd3-dirty	1000000	138977999.0	0.333	0.336	0.332	0.6	9551872.0	701312.0	15.0	612612.0	NA
default	high-entropy-binary	65536	1	1	ParquetReaderOnlyScan/Uncompressed/real_time	b47ed98fcfd3-dirty	1000000	149909695.0	0.317	0.319	0.315	0.43	13287424.0	1929536.0	15.0	NA	774205.0
default	high-entropy-binary	65536	1	1	ParquetReaderOnlyScan/ZSTD/real_time	b47ed98fcfd3-dirty	1000000	133624922.0	0.673	0.678	0.668	0.5	13647872.0	2482240.0	15.0	NA	616573.0
default	high-entropy-binary	65536	1	4	ReaderOnlyScan/real_time	b47ed98fcfd3-dirty	1000000	138977999.0	0.906	0.911	0.901	0.37	9306112.0	1728896.0	15.0	2354928.0	NA
default	high-entropy-binary	65536	1	4	BoundedParallelReaderScan/4/real_time	b47ed98fcfd3-dirty	1000000	138977999.0	0.966	0.996	0.94	2.29	11173888.0	1728896.0	15.0	2354928.0	NA
default	high-entropy-binary	65536	1	4	ParquetReaderOnlyScan/Uncompressed/real_time	b47ed98fcfd3-dirty	1000000	149909695.0	1.143	1.15	1.122	1.03	17678336.0	6686912.0	15.0	NA	2594146.0
default	high-entropy-binary	65536	1	4	ParquetReaderOnlyScan/ZSTD/real_time	b47ed98fcfd3-dirty	1000000	133624922.0	2.31	2.445	2.298	2.78	20381696.0	8848320.0	15.0	NA	2321275.0
default	high-entropy-binary	65536	10	1	ReaderOnlyScan/real_time	b47ed98fcfd3-dirty	1000000	138977999.0	2.108	2.158	2.096	1.27	15433728.0	2984128.0	13.0	5200196.0	NA
default	high-entropy-binary	65536	10	1	BoundedParallelReaderScan/4/real_time	b47ed98fcfd3-dirty	1000000	138977999.0	1.059	1.076	1.036	1.55	24576000.0	4593600.0	13.0	5200196.0	NA
default	high-entropy-binary	65536	10	1	ParquetReaderOnlyScan/Uncompressed/real_time	b47ed98fcfd3-dirty	1000000	149909695.0	2.081	2.144	2.061	1.54	28016640.0	5833152.0	13.0	NA	5842375.0
default	high-entropy-binary	65536	10	1	ParquetReaderOnlyScan/ZSTD/real_time	b47ed98fcfd3-dirty	1000000	133624922.0	4.658	4.679	4.623	0.46	28966912.0	6812160.0	13.0	NA	5053812.0
default	high-entropy-binary	65536	10	4	ReaderOnlyScan/real_time	b47ed98fcfd3-dirty	1000000	138977999.0	8.254	8.34	8.142	0.84	24772608.0	11936512.0	13.0	20407448.0	NA
default	high-entropy-binary	65536	10	4	BoundedParallelReaderScan/4/real_time	b47ed98fcfd3-dirty	1000000	138977999.0	4.287	4.404	4.238	1.6	40468480.0	14259968.0	13.0	20407448.0	NA
default	high-entropy-binary	65536	10	4	ParquetReaderOnlyScan/Uncompressed/real_time	b47ed98fcfd3-dirty	1000000	149909695.0	8.552	8.654	8.447	0.87	43417600.0	18220544.0	13.0	NA	21410182.0
default	high-entropy-binary	65536	10	4	ParquetReaderOnlyScan/ZSTD/real_time	b47ed98fcfd3-dirty	1000000	133624922.0	17.388	17.956	17.122	1.98	44204032.0	21741888.0	13.0	NA	19576030.0
default	high-entropy-binary	65536	50	1	ReaderOnlyScan/real_time	b47ed98fcfd3-dirty	1000000	138977999.0	8.351	8.423	8.237	0.84	18546688.0	4628800.0	7.0	18665132.0	NA
default	high-entropy-binary	65536	50	1	BoundedParallelReaderScan/4/real_time	b47ed98fcfd3-dirty	1000000	138977999.0	2.802	2.925	2.729	2.77	48758784.0	11731456.0	7.0	18665132.0	NA
default	high-entropy-binary	65536	50	1	ParquetReaderOnlyScan/Uncompressed/real_time	b47ed98fcfd3-dirty	1000000	149909695.0	7.642	7.756	7.563	0.98	74760192.0	18370944.0	7.0	NA	19590248.0
default	high-entropy-binary	65536	50	1	ParquetReaderOnlyScan/ZSTD/real_time	b47ed98fcfd3-dirty	1000000	133624922.0	16.606	16.952	16.438	1.16	75120640.0	18438848.0	7.0	NA	17973598.0
default	high-entropy-binary	65536	50	4	ReaderOnlyScan/real_time	b47ed98fcfd3-dirty	1000000	138977999.0	32.824	32.918	32.555	0.53	35536896.0	18515200.0	7.0	74267192.0	NA
default	high-entropy-binary	65536	50	4	BoundedParallelReaderScan/4/real_time	b47ed98fcfd3-dirty	1000000	138977999.0	13.918	14.383	13.458	2.31	77578240.0	32103872.0	7.0	74267192.0	NA
default	high-entropy-binary	65536	50	4	ParquetReaderOnlyScan/Uncompressed/real_time	b47ed98fcfd3-dirty	1000000	149909695.0	31.348	31.642	30.498	1.52	99942400.0	73212160.0	7.0	NA	76401674.0
default	high-entropy-binary	65536	50	4	ParquetReaderOnlyScan/ZSTD/real_time	b47ed98fcfd3-dirty	1000000	133624922.0	61.205	61.441	61.116	0.21	108789760.0	73212160.0	7.0	NA	70921449.0
default	high-entropy-binary	65536	100	1	ReaderOnlyScan/real_time	b47ed98fcfd3-dirty	1000000	138977999.0	15.215	15.532	15.132	1.09	13762560.0	2367552.0	0.0	34243080.0	NA
default	high-entropy-binary	65536	100	1	BoundedParallelReaderScan/4/real_time	b47ed98fcfd3-dirty	1000000	138977999.0	5.271	5.483	5.247	1.97	46022656.0	9470208.0	0.0	34243080.0	NA
default	high-entropy-binary	65536	100	1	ParquetReaderOnlyScan/Uncompressed/real_time	b47ed98fcfd3-dirty	1000000	149909695.0	14.456	14.813	14.207	1.53	62849024.0	36701568.0	0.0	NA	34976290.0
default	high-entropy-binary	65536	100	1	ParquetReaderOnlyScan/ZSTD/real_time	b47ed98fcfd3-dirty	1000000	133624922.0	29.61	30.031	29.527	0.74	84852736.0	36701568.0	0.0	NA	32823329.0
default	high-entropy-binary	65536	100	4	ReaderOnlyScan/real_time	b47ed98fcfd3-dirty	1000000	138977999.0	61.496	62.263	60.999	0.84	21004288.0	9100224.0	0.0	136972320.0	NA
default	high-entropy-binary	65536	100	4	BoundedParallelReaderScan/4/real_time	b47ed98fcfd3-dirty	1000000	138977999.0	24.261	24.734	23.959	1.38	77103104.0	27300672.0	0.0	136972320.0	NA
default	high-entropy-binary	65536	100	4	ParquetReaderOnlyScan/Uncompressed/real_time	b47ed98fcfd3-dirty	1000000	149909695.0	57.386	60.305	56.885	2.46	194510848.0	146534080.0	0.0	NA	139905160.0
default	high-entropy-binary	65536	100	4	ParquetReaderOnlyScan/ZSTD/real_time	b47ed98fcfd3-dirty	1000000	133624922.0	114.92	116.171	113.709	0.76	194674688.0	146534080.0	0.0	NA	130688394.0
default	high-entropy-binary	262144	1	1	ReaderOnlyScan/real_time	b47ed98fcfd3-dirty	1000000	139223159.0	2.69	2.713	2.671	0.54	18513920.0	2274176.0	3.0	7793724.0	NA
default	high-entropy-binary	262144	1	1	BoundedParallelReaderScan/4/real_time	b47ed98fcfd3-dirty	1000000	139223159.0	2.738	2.796	2.726	1.07	20103168.0	2274176.0	3.0	7793724.0	NA
default	high-entropy-binary	262144	1	1	ParquetReaderOnlyScan/Uncompressed/real_time	b47ed98fcfd3-dirty	1000000	146470848.0	2.761	2.775	2.724	0.62	33374208.0	12777216.0	3.0	NA	9321475.0
default	high-entropy-binary	262144	1	1	ParquetReaderOnlyScan/ZSTD/real_time	b47ed98fcfd3-dirty	1000000	130343537.0	7.491	7.71	7.346	1.74	35471360.0	12927232.0	3.0	NA	7362059.0
default	high-entropy-binary	262144	1	4	ReaderOnlyScan/real_time	b47ed98fcfd3-dirty	1000000	139223159.0	8.896	15.738	8.674	33.42	24182784.0	3301760.0	3.0	29733192.0	NA
default	high-entropy-binary	262144	1	4	BoundedParallelReaderScan/4/real_time	b47ed98fcfd3-dirty	1000000	139223159.0	8.903	9.009	8.768	0.93	24428544.0	3301760.0	3.0	29733192.0	NA
default	high-entropy-binary	262144	1	4	ParquetReaderOnlyScan/Uncompressed/real_time	b47ed98fcfd3-dirty	1000000	146470848.0	10.513	10.757	10.396	1.46	66568192.0	39867264.0	3.0	NA	31347535.0
default	high-entropy-binary	262144	1	4	ParquetReaderOnlyScan/ZSTD/real_time	b47ed98fcfd3-dirty	1000000	130343537.0	23.58	23.706	23.498	0.34	70729728.0	41693504.0	3.0	NA	27886343.0
default	high-entropy-binary	262144	10	1	ReaderOnlyScan/real_time	b47ed98fcfd3-dirty	1000000	139223159.0	3.452	3.497	3.44	0.7	26001408.0	6315456.0	3.0	7793724.0	NA
default	high-entropy-binary	262144	10	1	BoundedParallelReaderScan/4/real_time	b47ed98fcfd3-dirty	1000000	139223159.0	3.593	3.634	3.519	1.05	29229056.0	6315456.0	3.0	7793724.0	NA
default	high-entropy-binary	262144	10	1	ParquetReaderOnlyScan/Uncompressed/real_time	b47ed98fcfd3-dirty	1000000	146470848.0	2.755	2.809	2.661	1.88	34127872.0	12777216.0	3.0	NA	9321475.0
default	high-entropy-binary	262144	10	1	ParquetReaderOnlyScan/ZSTD/real_time	b47ed98fcfd3-dirty	1000000	130343537.0	7.395	7.462	7.344	0.63	36012032.0	12927232.0	3.0	NA	7362059.0
default	high-entropy-binary	262144	10	4	ReaderOnlyScan/real_time	b47ed98fcfd3-dirty	1000000	139223159.0	11.864	12.15	11.559	1.94	37437440.0	16588608.0	3.0	29733192.0	NA
default	high-entropy-binary	262144	10	4	BoundedParallelReaderScan/4/real_time	b47ed98fcfd3-dirty	1000000	139223159.0	11.772	11.925	11.535	1.15	37732352.0	16588608.0	3.0	29733192.0	NA
default	high-entropy-binary	262144	10	4	ParquetReaderOnlyScan/Uncompressed/real_time	b47ed98fcfd3-dirty	1000000	146470848.0	10.808	10.925	10.508	1.34	75415552.0	39867264.0	3.0	NA	31347535.0
default	high-entropy-binary	262144	10	4	ParquetReaderOnlyScan/ZSTD/real_time	b47ed98fcfd3-dirty	1000000	130343537.0	23.8	24.146	23.528	1.1	77332480.0	41693504.0	3.0	NA	27886343.0
default	high-entropy-binary	262144	50	1	ReaderOnlyScan/real_time	b47ed98fcfd3-dirty	1000000	139223159.0	11.127	11.447	11.049	1.45	50626560.0	18246272.0	1.0	25856100.0	NA
default	high-entropy-binary	262144	50	1	BoundedParallelReaderScan/4/real_time	b47ed98fcfd3-dirty	1000000	139223159.0	7.44	7.563	7.358	1.0	84279296.0	18246272.0	1.0	25856100.0	NA
default	high-entropy-binary	262144	50	1	ParquetReaderOnlyScan/Uncompressed/real_time	b47ed98fcfd3-dirty	1000000	146470848.0	9.188	9.485	9.098	1.84	87179264.0	18714304.0	1.0	NA	27708906.0
default	high-entropy-binary	262144	50	1	ParquetReaderOnlyScan/ZSTD/real_time	b47ed98fcfd3-dirty	1000000	130343537.0	21.794	21.944	21.649	0.47	88031232.0	18745344.0	1.0	NA	24240942.0
default	high-entropy-binary	262144	50	4	ReaderOnlyScan/real_time	b47ed98fcfd3-dirty	1000000	139223159.0	41.766	45.11	41.242	3.81	121176064.0	67115840.0	1.0	101654808.0	NA
default	high-entropy-binary	262144	50	4	BoundedParallelReaderScan/4/real_time	b47ed98fcfd3-dirty	1000000	139223159.0	42.35	43.547	41.997	1.62	121405440.0	67115840.0	1.0	101654808.0	NA
default	high-entropy-binary	262144	50	4	ParquetReaderOnlyScan/Uncompressed/real_time	b47ed98fcfd3-dirty	1000000	146470848.0	36.561	37.471	36.167	1.48	132087808.0	72802560.0	1.0	NA	103731294.0
default	high-entropy-binary	262144	50	4	ParquetReaderOnlyScan/ZSTD/real_time	b47ed98fcfd3-dirty	1000000	130343537.0	79.016	79.283	78.807	0.24	132268032.0	72802560.0	1.0	NA	95174834.0
default	high-entropy-binary	262144	100	1	ReaderOnlyScan/real_time	b47ed98fcfd3-dirty	1000000	139223159.0	15.802	15.911	15.663	0.59	37879808.0	9470016.0	0.0	34242744.0	NA
default	high-entropy-binary	262144	100	1	BoundedParallelReaderScan/4/real_time	b47ed98fcfd3-dirty	1000000	139223159.0	9.219	9.356	9.085	1.23	87212032.0	18940032.0	0.0	34242744.0	NA
default	high-entropy-binary	262144	100	1	ParquetReaderOnlyScan/Uncompressed/real_time	b47ed98fcfd3-dirty	1000000	146470848.0	12.137	12.744	12.004	2.56	91144192.0	36713088.0	0.0	NA	34340151.0
default	high-entropy-binary	262144	100	1	ParquetReaderOnlyScan/ZSTD/real_time	b47ed98fcfd3-dirty	1000000	130343537.0	26.544	26.8	26.42	0.58	92618752.0	36713088.0	0.0	NA	32108529.0
default	high-entropy-binary	262144	100	4	ReaderOnlyScan/real_time	b47ed98fcfd3-dirty	1000000	139223159.0	63.394	64.564	63.031	0.97	72843264.0	36399744.0	0.0	136970976.0	NA
default	high-entropy-binary	262144	100	4	BoundedParallelReaderScan/4/real_time	b47ed98fcfd3-dirty	1000000	139223159.0	63.875	65.612	63.12	1.59	73089024.0	36399744.0	0.0	136970976.0	NA
default	high-entropy-binary	262144	100	4	ParquetReaderOnlyScan/Uncompressed/real_time	b47ed98fcfd3-dirty	1000000	146470848.0	48.45	48.711	48.165	0.42	173867008.0	144797632.0	0.0	NA	137360604.0
default	high-entropy-binary	262144	100	4	ParquetReaderOnlyScan/ZSTD/real_time	b47ed98fcfd3-dirty	1000000	130343537.0	103.19	103.923	102.817	0.43	195592192.0	144797632.0	0.0	NA	128266021.0
default	low-cardinality-string	1024	1	1	ReaderOnlyScan/real_time	b47ed98fcfd3-dirty	1000000	6903150.0	0.253	0.256	0.249	0.98	8208384.0	101568.0	966.0	15446.0	NA
default	low-cardinality-string	1024	1	1	BoundedParallelReaderScan/4/real_time	b47ed98fcfd3-dirty	1000000	6903150.0	0.382	0.385	0.381	0.52	12861440.0	128960.0	966.0	15446.0	NA
default	low-cardinality-string	1024	1	1	ParquetReaderOnlyScan/Uncompressed/real_time	b47ed98fcfd3-dirty	1000000	12973634.0	0.818	0.834	0.815	1.04	20561920.0	622656.0	966.0	NA	17355.0
default	low-cardinality-string	1024	1	1	ParquetReaderOnlyScan/ZSTD/real_time	b47ed98fcfd3-dirty	1000000	4392482.0	0.802	0.809	0.795	0.66	21364736.0	622656.0	966.0	NA	5890.0
default	low-cardinality-string	1024	1	4	ReaderOnlyScan/real_time	b47ed98fcfd3-dirty	1000000	6903150.0	0.691	0.697	0.685	0.62	8699904.0	406272.0	966.0	57824.0	NA
default	low-cardinality-string	1024	1	4	BoundedParallelReaderScan/4/real_time	b47ed98fcfd3-dirty	1000000	6903150.0	0.535	0.557	0.527	2.38	14614528.0	507776.0	966.0	57824.0	NA
default	low-cardinality-string	1024	1	4	ParquetReaderOnlyScan/Uncompressed/real_time	b47ed98fcfd3-dirty	1000000	12973634.0	1.248	1.266	1.245	0.75	22495232.0	622656.0	966.0	NA	40875.0
default	low-cardinality-string	1024	1	4	ParquetReaderOnlyScan/ZSTD/real_time	b47ed98fcfd3-dirty	1000000	4392482.0	1.312	1.318	1.305	0.37	23232512.0	622656.0	966.0	NA	16271.0
default	low-cardinality-string	1024	10	1	ReaderOnlyScan/real_time	b47ed98fcfd3-dirty	1000000	6903150.0	1.548	1.559	1.543	0.4	8208384.0	101568.0	878.0	132486.0	NA
default	low-cardinality-string	1024	10	1	BoundedParallelReaderScan/4/real_time	b47ed98fcfd3-dirty	1000000	6903150.0	1.07	1.109	1.052	1.97	12992512.0	139008.0	878.0	132486.0	NA
default	low-cardinality-string	1024	10	1	ParquetReaderOnlyScan/Uncompressed/real_time	b47ed98fcfd3-dirty	1000000	12973634.0	2.592	2.623	2.575	0.68	21364736.0	622656.0	878.0	NA	82179.0
default	low-cardinality-string	1024	10	1	ParquetReaderOnlyScan/ZSTD/real_time	b47ed98fcfd3-dirty	1000000	4392482.0	2.212	2.226	2.205	0.38	21676032.0	622656.0	878.0	NA	33796.0
default	low-cardinality-string	1024	10	4	ReaderOnlyScan/real_time	b47ed98fcfd3-dirty	1000000	6903150.0	5.723	5.881	5.635	1.71	8781824.0	406272.0	878.0	525984.0	NA
default	low-cardinality-string	1024	10	4	BoundedParallelReaderScan/4/real_time	b47ed98fcfd3-dirty	1000000	6903150.0	2.431	2.485	2.401	1.34	14450688.0	544512.0	878.0	525984.0	NA
default	low-cardinality-string	1024	10	4	ParquetReaderOnlyScan/Uncompressed/real_time	b47ed98fcfd3-dirty	1000000	12973634.0	6.955	7.122	6.607	2.46	22200320.0	622656.0	878.0	NA	300171.0
default	low-cardinality-string	1024	10	4	ParquetReaderOnlyScan/ZSTD/real_time	b47ed98fcfd3-dirty	1000000	4392482.0	6.8	6.936	6.708	1.22	22528000.0	622656.0	878.0	NA	127543.0
default	low-cardinality-string	1024	50	1	ReaderOnlyScan/real_time	b47ed98fcfd3-dirty	1000000	6903150.0	7.204	7.331	7.115	1.1	8192000.0	101568.0	488.0	651186.0	NA
default	low-cardinality-string	1024	50	1	BoundedParallelReaderScan/4/real_time	b47ed98fcfd3-dirty	1000000	6903150.0	4.162	4.292	3.944	3.0	12812288.0	139008.0	488.0	651186.0	NA
default	low-cardinality-string	1024	50	1	ParquetReaderOnlyScan/Uncompressed/real_time	b47ed98fcfd3-dirty	1000000	12973634.0	10.297	10.455	10.199	0.89	21430272.0	622656.0	488.0	NA	369473.0
default	low-cardinality-string	1024	50	1	ParquetReaderOnlyScan/ZSTD/real_time	b47ed98fcfd3-dirty	1000000	4392482.0	8.387	8.4	8.284	0.5	22839296.0	1850432.0	488.0	NA	157444.0
default	low-cardinality-string	1024	50	4	ReaderOnlyScan/real_time	b47ed98fcfd3-dirty	1000000	6903150.0	28.241	28.875	27.607	1.79	8617984.0	406272.0	488.0	2600784.0	NA
default	low-cardinality-string	1024	50	4	BoundedParallelReaderScan/4/real_time	b47ed98fcfd3-dirty	1000000	6903150.0	11.074	11.392	10.988	1.47	13664256.0	543360.0	488.0	2600784.0	NA
default	low-cardinality-string	1024	50	4	ParquetReaderOnlyScan/Uncompressed/real_time	b47ed98fcfd3-dirty	1000000	12973634.0	30.705	31.53	30.428	1.38	22249472.0	1676096.0	488.0	NA	1449347.0
default	low-cardinality-string	1024	50	4	ParquetReaderOnlyScan/ZSTD/real_time	b47ed98fcfd3-dirty	1000000	4392482.0	31.502	31.589	31.248	0.41	24248320.0	2014976.0	488.0	NA	620575.0
default	low-cardinality-string	1024	100	1	ReaderOnlyScan/real_time	b47ed98fcfd3-dirty	1000000	6903150.0	14.645	14.96	14.25	1.98	8093696.0	90240.0	0.0	1298906.0	NA
default	low-cardinality-string	1024	100	1	BoundedParallelReaderScan/4/real_time	b47ed98fcfd3-dirty	1000000	6903150.0	7.738	7.859	7.526	1.55	12500992.0	127680.0	0.0	1298906.0	NA
default	low-cardinality-string	1024	100	1	ParquetReaderOnlyScan/Uncompressed/real_time	b47ed98fcfd3-dirty	1000000	12973634.0	20.85	21.872	20.364	2.76	21659648.0	816384.0	0.0	NA	719441.0
default	low-cardinality-string	1024	100	1	ParquetReaderOnlyScan/ZSTD/real_time	b47ed98fcfd3-dirty	1000000	4392482.0	16.454	16.671	16.333	0.78	24838144.0	3649536.0	0.0	NA	309746.0
default	low-cardinality-string	1024	100	4	ReaderOnlyScan/real_time	b47ed98fcfd3-dirty	1000000	6903150.0	55.675	56.315	55.201	0.75	8503296.0	360960.0	0.0	5195624.0	NA
default	low-cardinality-string	1024	100	4	BoundedParallelReaderScan/4/real_time	b47ed98fcfd3-dirty	1000000	6903150.0	24.081	25.515	23.562	3.21	14761984.0	499200.0	0.0	5195624.0	NA
default	low-cardinality-string	1024	100	4	ParquetReaderOnlyScan/Uncompressed/real_time	b47ed98fcfd3-dirty	1000000	12973634.0	62.151	62.768	61.437	0.8	23511040.0	3134080.0	0.0	NA	2877764.0
default	low-cardinality-string	1024	100	4	ParquetReaderOnlyScan/ZSTD/real_time	b47ed98fcfd3-dirty	1000000	4392482.0	62.337	63.712	61.574	1.38	27262976.0	3814016.0	0.0	NA	1235076.0
default	low-cardinality-string	8192	1	1	ReaderOnlyScan/real_time	b47ed98fcfd3-dirty	1000000	6270214.0	0.201	0.202	0.194	1.63	6979584.0	148352.0	120.0	32966.0	NA
default	low-cardinality-string	8192	1	1	BoundedParallelReaderScan/4/real_time	b47ed98fcfd3-dirty	1000000	6270214.0	0.212	0.217	0.205	1.88	8847360.0	192960.0	120.0	32966.0	NA
default	low-cardinality-string	8192	1	1	ParquetReaderOnlyScan/Uncompressed/real_time	b47ed98fcfd3-dirty	1000000	12164147.0	0.306	0.309	0.302	0.87	11943936.0	240960.0	120.0	NA	89315.0
default	low-cardinality-string	8192	1	1	ParquetReaderOnlyScan/ZSTD/real_time	b47ed98fcfd3-dirty	1000000	2931210.0	0.363	0.366	0.361	0.51	12517376.0	249408.0	120.0	NA	22660.0
default	low-cardinality-string	8192	1	4	ReaderOnlyScan/real_time	b47ed98fcfd3-dirty	1000000	6270214.0	0.659	0.663	0.638	1.56	7602176.0	593408.0	120.0	91808.0	NA
default	low-cardinality-string	8192	1	4	BoundedParallelReaderScan/4/real_time	b47ed98fcfd3-dirty	1000000	6270214.0	0.534	0.541	0.516	1.95	10289152.0	619264.0	120.0	91808.0	NA
default	low-cardinality-string	8192	1	4	ParquetReaderOnlyScan/Uncompressed/real_time	b47ed98fcfd3-dirty	1000000	12164147.0	0.846	0.872	0.837	1.7	13762560.0	619264.0	120.0	NA	120533.0
default	low-cardinality-string	8192	1	4	ParquetReaderOnlyScan/ZSTD/real_time	b47ed98fcfd3-dirty	1000000	2931210.0	0.936	0.95	0.925	0.95	13991936.0	619264.0	120.0	NA	26074.0
default	low-cardinality-string	8192	10	1	ReaderOnlyScan/real_time	b47ed98fcfd3-dirty	1000000	6270214.0	1.331	1.344	1.307	0.95	7176192.0	224512.0	109.0	136300.0	NA
default	low-cardinality-string	8192	10	1	BoundedParallelReaderScan/4/real_time	b47ed98fcfd3-dirty	1000000	6270214.0	0.522	0.535	0.52	1.26	12320768.0	522688.0	109.0	136300.0	NA
default	low-cardinality-string	8192	10	1	ParquetReaderOnlyScan/Uncompressed/real_time	b47ed98fcfd3-dirty	1000000	12164147.0	1.325	1.334	1.305	0.88	15958016.0	522688.0	109.0	NA	143953.0
default	low-cardinality-string	8192	10	1	ParquetReaderOnlyScan/ZSTD/real_time	b47ed98fcfd3-dirty	1000000	2931210.0	1.423	1.429	1.411	0.51	16220160.0	522688.0	109.0	NA	27093.0
default	low-cardinality-string	8192	10	4	ReaderOnlyScan/real_time	b47ed98fcfd3-dirty	1000000	6270214.0	5.167	5.245	5.126	0.93	8077312.0	898048.0	109.0	505144.0	NA
default	low-cardinality-string	8192	10	4	BoundedParallelReaderScan/4/real_time	b47ed98fcfd3-dirty	1000000	6270214.0	1.607	1.609	1.604	0.11	14942208.0	1853120.0	109.0	505144.0	NA
default	low-cardinality-string	8192	10	4	ParquetReaderOnlyScan/Uncompressed/real_time	b47ed98fcfd3-dirty	1000000	12164147.0	4.717	4.739	4.695	0.34	20283392.0	1885760.0	109.0	NA	339085.0
default	low-cardinality-string	8192	10	4	ParquetReaderOnlyScan/ZSTD/real_time	b47ed98fcfd3-dirty	1000000	2931210.0	4.9	4.93	4.876	0.39	20496384.0	1885760.0	109.0	NA	43762.0
default	low-cardinality-string	8192	50	1	ReaderOnlyScan/real_time	b47ed98fcfd3-dirty	1000000	6270214.0	6.455	6.476	6.429	0.3	7061504.0	224512.0	61.0	587212.0	NA
default	low-cardinality-string	8192	50	1	BoundedParallelReaderScan/4/real_time	b47ed98fcfd3-dirty	1000000	6270214.0	2.022	2.04	2.0	0.71	11010048.0	522688.0	61.0	587212.0	NA
default	low-cardinality-string	8192	50	1	ParquetReaderOnlyScan/Uncompressed/real_time	b47ed98fcfd3-dirty	1000000	12164147.0	5.757	5.837	5.739	0.74	15630336.0	522688.0	61.0	NA	382381.0
default	low-cardinality-string	8192	50	1	ParquetReaderOnlyScan/ZSTD/real_time	b47ed98fcfd3-dirty	1000000	2931210.0	6.094	6.166	5.992	1.23	15958016.0	522688.0	61.0	NA	46560.0
default	low-cardinality-string	8192	50	4	ReaderOnlyScan/real_time	b47ed98fcfd3-dirty	1000000	6270214.0	24.563	25.099	24.357	1.22	8273920.0	898048.0	61.0	2308792.0	NA
default	low-cardinality-string	8192	50	4	BoundedParallelReaderScan/4/real_time	b47ed98fcfd3-dirty	1000000	6270214.0	6.913	6.995	6.865	0.72	15695872.0	1994752.0	61.0	2308792.0	NA
default	low-cardinality-string	8192	50	4	ParquetReaderOnlyScan/Uncompressed/real_time	b47ed98fcfd3-dirty	1000000	12164147.0	20.865	21.0	20.673	0.55	21495808.0	1994752.0	61.0	NA	1292797.0
default	low-cardinality-string	8192	50	4	ParquetReaderOnlyScan/ZSTD/real_time	b47ed98fcfd3-dirty	1000000	2931210.0	21.688	21.914	21.553	0.64	21741568.0	1994752.0	61.0	NA	121438.0
default	low-cardinality-string	8192	100	1	ReaderOnlyScan/real_time	b47ed98fcfd3-dirty	1000000	6270214.0	12.116	12.205	12.014	0.58	6569984.0	99392.0	0.0	1146894.0	NA
default	low-cardinality-string	8192	100	1	BoundedParallelReaderScan/4/real_time	b47ed98fcfd3-dirty	1000000	6270214.0	3.53	3.697	3.438	2.67	11272192.0	397568.0	0.0	1146894.0	NA
default	low-cardinality-string	8192	100	1	ParquetReaderOnlyScan/Uncompressed/real_time	b47ed98fcfd3-dirty	1000000	12164147.0	11.761	11.939	11.547	1.14	15777792.0	667776.0	0.0	NA	606474.0
default	low-cardinality-string	8192	100	1	ParquetReaderOnlyScan/ZSTD/real_time	b47ed98fcfd3-dirty	1000000	2931210.0	12.069	12.59	11.864	2.57	16072704.0	667776.0	0.0	NA	49768.0
default	low-cardinality-string	8192	100	4	ReaderOnlyScan/real_time	b47ed98fcfd3-dirty	1000000	6270214.0	47.305	47.766	47.208	0.51	7127040.0	368768.0	0.0	4587576.0	NA
default	low-cardinality-string	8192	100	4	BoundedParallelReaderScan/4/real_time	b47ed98fcfd3-dirty	1000000	6270214.0	13.334	13.509	13.018	1.39	14974976.0	1465472.0	0.0	4587576.0	NA
default	low-cardinality-string	8192	100	4	ParquetReaderOnlyScan/Uncompressed/real_time	b47ed98fcfd3-dirty	1000000	12164147.0	42.247	42.463	41.854	0.49	19480576.0	2655936.0	0.0	NA	2425896.0
default	low-cardinality-string	8192	100	4	ParquetReaderOnlyScan/ZSTD/real_time	b47ed98fcfd3-dirty	1000000	2931210.0	43.828	43.97	43.648	0.27	19677184.0	2655936.0	0.0	NA	198580.0
default	low-cardinality-string	65536	1	1	ReaderOnlyScan/real_time	b47ed98fcfd3-dirty	1000000	6517050.0	0.236	0.238	0.23	1.1	7061504.0	308096.0	15.0	51098.0	NA
default	low-cardinality-string	65536	1	1	BoundedParallelReaderScan/4/real_time	b47ed98fcfd3-dirty	1000000	6517050.0	0.282	0.284	0.28	0.46	7847936.0	308096.0	15.0	51098.0	NA
default	low-cardinality-string	65536	1	1	ParquetReaderOnlyScan/Uncompressed/real_time	b47ed98fcfd3-dirty	1000000	12362268.0	0.233	0.239	0.232	1.28	10403840.0	404928.0	15.0	NA	177703.0
default	low-cardinality-string	65536	1	1	ParquetReaderOnlyScan/ZSTD/real_time	b47ed98fcfd3-dirty	1000000	3020991.0	0.35	0.358	0.345	1.41	10665984.0	421696.0	15.0	NA	48734.0
default	low-cardinality-string	65536	1	4	ReaderOnlyScan/real_time	b47ed98fcfd3-dirty	1000000	6517050.0	0.672	0.684	0.662	1.46	7487488.0	636992.0	15.0	108872.0	NA
default	low-cardinality-string	65536	1	4	BoundedParallelReaderScan/4/real_time	b47ed98fcfd3-dirty	1000000	6517050.0	0.744	0.747	0.74	0.37	8601600.0	636992.0	15.0	108872.0	NA
default	low-cardinality-string	65536	1	4	ParquetReaderOnlyScan/Uncompressed/real_time	b47ed98fcfd3-dirty	1000000	12362268.0	0.767	0.772	0.757	0.73	11190272.0	636992.0	15.0	NA	208138.0
default	low-cardinality-string	65536	1	4	ParquetReaderOnlyScan/ZSTD/real_time	b47ed98fcfd3-dirty	1000000	3020991.0	0.887	0.89	0.884	0.23	11436032.0	636992.0	15.0	NA	50257.0
default	low-cardinality-string	65536	10	1	ReaderOnlyScan/real_time	b47ed98fcfd3-dirty	1000000	6517050.0	1.614	1.62	1.593	0.69	9371648.0	986496.0	13.0	298182.0	NA
default	low-cardinality-string	65536	10	1	BoundedParallelReaderScan/4/real_time	b47ed98fcfd3-dirty	1000000	6517050.0	0.869	0.876	0.864	0.55	14024704.0	1708224.0	13.0	298182.0	NA
default	low-cardinality-string	65536	10	1	ParquetReaderOnlyScan/Uncompressed/real_time	b47ed98fcfd3-dirty	1000000	12362268.0	1.661	1.666	1.651	0.33	17629184.0	1708224.0	13.0	NA	741033.0
default	low-cardinality-string	65536	10	1	ParquetReaderOnlyScan/ZSTD/real_time	b47ed98fcfd3-dirty	1000000	3020991.0	2.119	2.132	2.11	0.41	18366464.0	1708224.0	13.0	NA	193650.0
default	low-cardinality-string	65536	10	4	ReaderOnlyScan/real_time	b47ed98fcfd3-dirty	1000000	6517050.0	10.805	10.968	10.657	1.02	12402688.0	3817472.0	13.0	799392.0	NA
default	low-cardinality-string	65536	10	4	BoundedParallelReaderScan/4/real_time	b47ed98fcfd3-dirty	1000000	6517050.0	3.287	3.3	3.267	0.41	20480000.0	4560896.0	13.0	799392.0	NA
default	low-cardinality-string	65536	10	4	ParquetReaderOnlyScan/Uncompressed/real_time	b47ed98fcfd3-dirty	1000000	12362268.0	6.314	6.346	6.129	1.19	23412736.0	4560896.0	13.0	NA	1004814.0
default	low-cardinality-string	65536	10	4	ParquetReaderOnlyScan/ZSTD/real_time	b47ed98fcfd3-dirty	1000000	3020991.0	6.801	6.874	6.737	0.73	23904256.0	4560896.0	13.0	NA	205095.0
default	low-cardinality-string	65536	50	1	ReaderOnlyScan/real_time	b47ed98fcfd3-dirty	1000000	6517050.0	11.092	11.215	11.061	0.61	9879552.0	1512320.0	7.0	741618.0	NA
default	low-cardinality-string	65536	50	1	BoundedParallelReaderScan/4/real_time	b47ed98fcfd3-dirty	1000000	6517050.0	1.887	1.902	1.868	0.7	24018944.0	3896384.0	7.0	741618.0	NA
default	low-cardinality-string	65536	50	1	ParquetReaderOnlyScan/Uncompressed/real_time	b47ed98fcfd3-dirty	1000000	12362268.0	5.74	5.862	5.718	1.04	27721728.0	3896384.0	7.0	NA	974386.0
default	low-cardinality-string	65536	50	1	ParquetReaderOnlyScan/ZSTD/real_time	b47ed98fcfd3-dirty	1000000	3020991.0	6.278	6.329	6.245	0.55	28131328.0	3896384.0	7.0	NA	203557.0
default	low-cardinality-string	65536	50	4	ReaderOnlyScan/real_time	b47ed98fcfd3-dirty	1000000	6517050.0	43.372	43.774	43.256	0.51	15106048.0	5920768.0	7.0	2573136.0	NA
default	low-cardinality-string	65536	50	4	BoundedParallelReaderScan/4/real_time	b47ed98fcfd3-dirty	1000000	6517050.0	6.905	7.541	6.813	4.61	38813696.0	12559360.0	7.0	2573136.0	NA
default	low-cardinality-string	65536	50	4	ParquetReaderOnlyScan/Uncompressed/real_time	b47ed98fcfd3-dirty	1000000	12362268.0	22.248	22.563	21.666	1.53	41467904.0	12559360.0	7.0	NA	1938226.0
default	low-cardinality-string	65536	50	4	ParquetReaderOnlyScan/ZSTD/real_time	b47ed98fcfd3-dirty	1000000	3020991.0	23.034	23.174	22.958	0.39	41746432.0	12559360.0	7.0	NA	244699.0
default	low-cardinality-string	65536	100	1	ReaderOnlyScan/real_time	b47ed98fcfd3-dirty	1000000	6517050.0	20.739	21.023	20.588	0.77	8159232.0	794688.0	0.0	1127848.0	NA
default	low-cardinality-string	65536	100	1	BoundedParallelReaderScan/4/real_time	b47ed98fcfd3-dirty	1000000	6517050.0	3.44	4.062	3.38	8.77	21266432.0	3178752.0	0.0	1127848.0	NA
default	low-cardinality-string	65536	100	1	ParquetReaderOnlyScan/Uncompressed/real_time	b47ed98fcfd3-dirty	1000000	12362268.0	10.191	10.33	10.123	0.88	25509888.0	3178752.0	0.0	NA	593526.0
default	low-cardinality-string	65536	100	1	ParquetReaderOnlyScan/ZSTD/real_time	b47ed98fcfd3-dirty	1000000	3020991.0	10.425	10.67	10.364	1.25	25788416.0	3178752.0	0.0	NA	25269.0
default	low-cardinality-string	65536	100	4	ReaderOnlyScan/real_time	b47ed98fcfd3-dirty	1000000	6517050.0	48.459	49.627	48.026	1.36	10452992.0	2947584.0	0.0	4511392.0	NA
default	low-cardinality-string	65536	100	4	BoundedParallelReaderScan/4/real_time	b47ed98fcfd3-dirty	1000000	6517050.0	13.306	13.715	13.24	1.68	34586624.0	11790336.0	0.0	4511392.0	NA
default	low-cardinality-string	65536	100	4	ParquetReaderOnlyScan/Uncompressed/real_time	b47ed98fcfd3-dirty	1000000	12362268.0	40.417	40.596	39.869	0.66	38322176.0	11790336.0	0.0	NA	2374104.0
default	low-cardinality-string	65536	100	4	ParquetReaderOnlyScan/ZSTD/real_time	b47ed98fcfd3-dirty	1000000	3020991.0	40.862	41.308	40.655	0.67	38633472.0	11790336.0	0.0	NA	101012.0
default	low-cardinality-string	262144	1	1	ReaderOnlyScan/real_time	b47ed98fcfd3-dirty	1000000	6755010.0	3.512	3.612	3.492	1.49	10764288.0	1880960.0	3.0	721010.0	NA
default	low-cardinality-string	262144	1	1	BoundedParallelReaderScan/4/real_time	b47ed98fcfd3-dirty	1000000	6755010.0	1.678	1.704	1.666	0.86	12648448.0	1880960.0	3.0	721010.0	NA
default	low-cardinality-string	262144	1	1	ParquetReaderOnlyScan/Uncompressed/real_time	b47ed98fcfd3-dirty	1000000	11466402.0	2.498	2.526	2.475	0.76	15351808.0	3273152.0	3.0	NA	2105904.0
default	low-cardinality-string	262144	1	1	ParquetReaderOnlyScan/ZSTD/real_time	b47ed98fcfd3-dirty	1000000	2154661.0	3.851	3.872	3.831	0.41	15663104.0	3273152.0	3.0	NA	480240.0
default	low-cardinality-string	262144	1	4	ReaderOnlyScan/real_time	b47ed98fcfd3-dirty	1000000	6755010.0	11.26	11.424	11.206	0.89	10993664.0	2209856.0	3.0	1442336.0	NA
default	low-cardinality-string	262144	1	4	BoundedParallelReaderScan/4/real_time	b47ed98fcfd3-dirty	1000000	6755010.0	4.066	4.08	4.06	0.2	12779520.0	2209856.0	3.0	1442336.0	NA
default	low-cardinality-string	262144	1	4	ParquetReaderOnlyScan/Uncompressed/real_time	b47ed98fcfd3-dirty	1000000	11466402.0	8.936	9.091	8.871	1.03	16072704.0	3840320.0	3.0	NA	2485251.0
default	low-cardinality-string	262144	1	4	ParquetReaderOnlyScan/ZSTD/real_time	b47ed98fcfd3-dirty	1000000	2154661.0	10.385	10.448	10.3	0.51	16285696.0	3840320.0	3.0	NA	494369.0
default	low-cardinality-string	262144	10	1	ReaderOnlyScan/real_time	b47ed98fcfd3-dirty	1000000	6755010.0	4.355	4.369	4.32	0.45	13025280.0	3169728.0	3.0	721010.0	NA
default	low-cardinality-string	262144	10	1	BoundedParallelReaderScan/4/real_time	b47ed98fcfd3-dirty	1000000	6755010.0	2.563	2.566	2.555	0.19	15368192.0	3169728.0	3.0	721010.0	NA
default	low-cardinality-string	262144	10	1	ParquetReaderOnlyScan/Uncompressed/real_time	b47ed98fcfd3-dirty	1000000	11466402.0	2.52	2.634	2.475	2.47	18071552.0	3273152.0	3.0	NA	2105904.0
default	low-cardinality-string	262144	10	1	ParquetReaderOnlyScan/ZSTD/real_time	b47ed98fcfd3-dirty	1000000	2154661.0	3.869	3.991	3.781	2.14	18366464.0	3273152.0	3.0	NA	480240.0
default	low-cardinality-string	262144	10	4	ReaderOnlyScan/real_time	b47ed98fcfd3-dirty	1000000	6755010.0	14.703	14.873	14.546	0.81	16908288.0	6454656.0	3.0	1442336.0	NA
default	low-cardinality-string	262144	10	4	BoundedParallelReaderScan/4/real_time	b47ed98fcfd3-dirty	1000000	6755010.0	7.285	7.366	7.252	0.67	21135360.0	6454656.0	3.0	1442336.0	NA
default	low-cardinality-string	262144	10	4	ParquetReaderOnlyScan/Uncompressed/real_time	b47ed98fcfd3-dirty	1000000	11466402.0	9.021	9.149	8.933	0.89	24297472.0	6454656.0	3.0	NA	2485251.0
default	low-cardinality-string	262144	10	4	ParquetReaderOnlyScan/ZSTD/real_time	b47ed98fcfd3-dirty	1000000	2154661.0	10.422	10.525	10.375	0.61	24494080.0	6454656.0	3.0	NA	494369.0
default	low-cardinality-string	262144	50	1	ReaderOnlyScan/real_time	b47ed98fcfd3-dirty	1000000	6755010.0	14.185	14.593	14.0	1.54	21020672.0	5848448.0	1.0	1420486.0	NA
default	low-cardinality-string	262144	50	1	BoundedParallelReaderScan/4/real_time	b47ed98fcfd3-dirty	1000000	6755010.0	3.272	3.325	3.251	0.92	31457280.0	8616384.0	1.0	1420486.0	NA
default	low-cardinality-string	262144	50	1	ParquetReaderOnlyScan/Uncompressed/real_time	b47ed98fcfd3-dirty	1000000	11466402.0	7.913	8.103	7.766	1.53	34963456.0	8616384.0	1.0	NA	2804947.0
default	low-cardinality-string	262144	50	1	ParquetReaderOnlyScan/ZSTD/real_time	b47ed98fcfd3-dirty	1000000	2154661.0	9.462	9.513	9.417	0.41	35160064.0	8616384.0	1.0	NA	541444.0
default	low-cardinality-string	262144	50	4	ReaderOnlyScan/real_time	b47ed98fcfd3-dirty	1000000	6755010.0	53.888	54.655	53.428	0.88	39239680.0	21474368.0	1.0	3912352.0	NA
default	low-cardinality-string	262144	50	4	BoundedParallelReaderScan/4/real_time	b47ed98fcfd3-dirty	1000000	6755010.0	28.121	29.436	27.954	2.25	66879488.0	21474368.0	1.0	3912352.0	NA
default	low-cardinality-string	262144	50	4	ParquetReaderOnlyScan/Uncompressed/real_time	b47ed98fcfd3-dirty	1000000	11466402.0	29.789	30.294	29.684	0.83	69451776.0	21474368.0	1.0	NA	4115458.0
default	low-cardinality-string	262144	50	4	ParquetReaderOnlyScan/ZSTD/real_time	b47ed98fcfd3-dirty	1000000	2154661.0	31.937	32.428	31.821	0.8	69664768.0	21474368.0	1.0	NA	590818.0
default	low-cardinality-string	262144	100	1	ReaderOnlyScan/real_time	b47ed98fcfd3-dirty	1000000	6755010.0	20.587	20.965	20.352	1.28	14450688.0	3178560.0	0.0	1125712.0	NA
default	low-cardinality-string	262144	100	1	BoundedParallelReaderScan/4/real_time	b47ed98fcfd3-dirty	1000000	6755010.0	3.491	3.628	3.465	1.97	49709056.0	12513920.0	0.0	1125712.0	NA
default	low-cardinality-string	262144	100	1	ParquetReaderOnlyScan/Uncompressed/real_time	b47ed98fcfd3-dirty	1000000	11466402.0	10.303	10.478	9.911	2.42	55001088.0	12513920.0	0.0	NA	592032.0
default	low-cardinality-string	262144	100	1	ParquetReaderOnlyScan/ZSTD/real_time	b47ed98fcfd3-dirty	1000000	2154661.0	10.34	10.545	10.203	1.21	55312384.0	12513920.0	0.0	NA	22341.0
default	low-cardinality-string	262144	100	4	ReaderOnlyScan/real_time	b47ed98fcfd3-dirty	1000000	6755010.0	82.409	83.882	82.223	0.87	25165824.0	11789184.0	0.0	4502848.0	NA
default	low-cardinality-string	262144	100	4	BoundedParallelReaderScan/4/real_time	b47ed98fcfd3-dirty	1000000	6755010.0	48.134	48.344	47.554	0.72	28114944.0	11789184.0	0.0	4502848.0	NA
default	low-cardinality-string	262144	100	4	ParquetReaderOnlyScan/Uncompressed/real_time	b47ed98fcfd3-dirty	1000000	11466402.0	40.07	40.467	39.807	0.6	30556160.0	11789184.0	0.0	NA	2368128.0
default	low-cardinality-string	262144	100	4	ParquetReaderOnlyScan/ZSTD/real_time	b47ed98fcfd3-dirty	1000000	2154661.0	40.974	42.22	40.65	1.57	30720000.0	11789184.0	0.0	NA	89348.0
default	variable-string	1024	1	1	ReaderOnlyScan/real_time	b47ed98fcfd3-dirty	1000000	305391727.0	0.454	0.457	0.45	0.55	9895936.0	663360.0	966.0	822611.0	NA
default	variable-string	1024	1	1	BoundedParallelReaderScan/4/real_time	b47ed98fcfd3-dirty	1000000	305391727.0	0.444	0.468	0.435	3.15	21856256.0	949056.0	966.0	822611.0	NA
default	variable-string	1024	1	1	ParquetReaderOnlyScan/Uncompressed/real_time	b47ed98fcfd3-dirty	1000000	303117118.0	1.001	1.007	0.992	0.5	30294016.0	1237120.0	966.0	NA	799123.0
default	variable-string	1024	1	1	ParquetReaderOnlyScan/ZSTD/real_time	b47ed98fcfd3-dirty	1000000	180581463.0	1.411	1.447	1.401	1.4	30572544.0	1237120.0	966.0	NA	478521.0
default	variable-string	1024	1	4	ReaderOnlyScan/real_time	b47ed98fcfd3-dirty	1000000	305391727.0	1.496	1.521	1.476	1.13	15056896.0	2652928.0	966.0	3286360.0	NA
default	variable-string	1024	1	4	BoundedParallelReaderScan/4/real_time	b47ed98fcfd3-dirty	1000000	305391727.0	0.788	0.8	0.78	1.01	30523392.0	3302464.0	966.0	3286360.0	NA
default	variable-string	1024	1	4	ParquetReaderOnlyScan/Uncompressed/real_time	b47ed98fcfd3-dirty	1000000	303117118.0	1.868	1.901	1.832	1.42	38158336.0	4278016.0	966.0	NA	3167823.0
default	variable-string	1024	1	4	ParquetReaderOnlyScan/ZSTD/real_time	b47ed98fcfd3-dirty	1000000	180581463.0	3.355	6.336	3.288	40.72	38371328.0	4278016.0	966.0	NA	1907051.0
default	variable-string	1024	10	1	ReaderOnlyScan/real_time	b47ed98fcfd3-dirty	1000000	305391727.0	3.549	3.607	3.492	1.21	11272192.0	663552.0	878.0	7664141.0	NA
default	variable-string	1024	10	1	BoundedParallelReaderScan/4/real_time	b47ed98fcfd3-dirty	1000000	305391727.0	1.728	1.757	1.693	1.43	27672576.0	1007616.0	878.0	7664141.0	NA
default	variable-string	1024	10	1	ParquetReaderOnlyScan/Uncompressed/real_time	b47ed98fcfd3-dirty	1000000	303117118.0	4.316	4.43	4.256	1.64	36814848.0	7817280.0	878.0	NA	7376625.0
default	variable-string	1024	10	1	ParquetReaderOnlyScan/ZSTD/real_time	b47ed98fcfd3-dirty	1000000	180581463.0	7.896	7.979	7.778	0.86	37142528.0	7817280.0	878.0	NA	4444876.0
default	variable-string	1024	10	4	ReaderOnlyScan/real_time	b47ed98fcfd3-dirty	1000000	305391727.0	14.518	15.165	14.324	2.5	15695872.0	2652992.0	878.0	30651588.0	NA
default	variable-string	1024	10	4	BoundedParallelReaderScan/4/real_time	b47ed98fcfd3-dirty	1000000	305391727.0	5.341	5.537	5.293	1.91	37519360.0	3598016.0	878.0	30651588.0	NA
default	variable-string	1024	10	4	ParquetReaderOnlyScan/Uncompressed/real_time	b47ed98fcfd3-dirty	1000000	303117118.0	13.793	14.402	13.69	2.23	62472192.0	30589504.0	878.0	NA	29476939.0
default	variable-string	1024	10	4	ParquetReaderOnlyScan/ZSTD/real_time	b47ed98fcfd3-dirty	1000000	180581463.0	27.125	28.038	26.877	1.75	86392832.0	30589504.0	878.0	NA	17773308.0
default	variable-string	1024	50	1	ReaderOnlyScan/real_time	b47ed98fcfd3-dirty	1000000	305391727.0	18.257	18.35	17.995	0.7	10928128.0	663488.0	488.0	37983919.0	NA
default	variable-string	1024	50	1	BoundedParallelReaderScan/4/real_time	b47ed98fcfd3-dirty	1000000	305391727.0	7.71	7.843	7.536	1.45	31719424.0	1036544.0	488.0	37983919.0	NA
default	variable-string	1024	50	1	ParquetReaderOnlyScan/Uncompressed/real_time	b47ed98fcfd3-dirty	1000000	303117118.0	19.877	22.011	19.591	5.75	114638848.0	36832576.0	488.0	NA	36526289.0
default	variable-string	1024	50	1	ParquetReaderOnlyScan/ZSTD/real_time	b47ed98fcfd3-dirty	1000000	180581463.0	37.789	37.992	37.374	0.7	116834304.0	36832576.0	488.0	NA	22020971.0
default	variable-string	1024	50	4	ReaderOnlyScan/real_time	b47ed98fcfd3-dirty	1000000	305391727.0	72.227	73.172	72.101	0.64	16252928.0	2653440.0	488.0	151931345.0	NA
default	variable-string	1024	50	4	BoundedParallelReaderScan/4/real_time	b47ed98fcfd3-dirty	1000000	305391727.0	25.483	25.758	25.122	0.89	37994496.0	3659456.0	488.0	151931345.0	NA
default	variable-string	1024	50	4	ParquetReaderOnlyScan/Uncompressed/real_time	b47ed98fcfd3-dirty	1000000	303117118.0	65.913	70.301	65.116	3.78	220020736.0	147340608.0	488.0	NA	146076240.0
default	variable-string	1024	50	4	ParquetReaderOnlyScan/ZSTD/real_time	b47ed98fcfd3-dirty	1000000	180581463.0	135.601	136.508	134.265	0.66	287932416.0	147340608.0	488.0	NA	88094250.0
default	variable-string	1024	100	1	ReaderOnlyScan/real_time	b47ed98fcfd3-dirty	1000000	305391727.0	36.442	36.563	36.243	0.39	10207232.0	590208.0	0.0	75921211.0	NA
default	variable-string	1024	100	1	BoundedParallelReaderScan/4/real_time	b47ed98fcfd3-dirty	1000000	305391727.0	14.677	15.147	14.59	1.6	30670848.0	933888.0	0.0	75921211.0	NA
default	variable-string	1024	100	1	ParquetReaderOnlyScan/Uncompressed/real_time	b47ed98fcfd3-dirty	1000000	303117118.0	38.812	39.701	38.521	1.24	153354240.0	73618752.0	0.0	NA	72991241.0
default	variable-string	1024	100	1	ParquetReaderOnlyScan/ZSTD/real_time	b47ed98fcfd3-dirty	1000000	180581463.0	74.563	76.263	74.284	1.19	186073088.0	73618752.0	0.0	NA	44086298.0
default	variable-string	1024	100	4	ReaderOnlyScan/real_time	b47ed98fcfd3-dirty	1000000	305391727.0	144.102	145.182	141.972	0.8	15450112.0	2359232.0	0.0	303684201.0	NA
default	variable-string	1024	100	4	BoundedParallelReaderScan/4/real_time	b47ed98fcfd3-dirty	1000000	305391727.0	48.61	50.549	48.447	1.9	37027840.0	3365696.0	0.0	303684201.0	NA
default	variable-string	1024	100	4	ParquetReaderOnlyScan/Uncompressed/real_time	b47ed98fcfd3-dirty	1000000	303117118.0	130.926	139.628	130.241	3.04	385826816.0	293815296.0	0.0	NA	291964321.0
default	variable-string	1024	100	4	ParquetReaderOnlyScan/ZSTD/real_time	b47ed98fcfd3-dirty	1000000	180581463.0	271.284	276.382	269.171	1.04	555597824.0	293815296.0	0.0	NA	176367709.0
default	variable-string	8192	1	1	ReaderOnlyScan/real_time	b47ed98fcfd3-dirty	1000000	305257527.0	0.433	0.438	0.43	0.73	10665984.0	1171072.0	120.0	1300613.0	NA
default	variable-string	8192	1	1	BoundedParallelReaderScan/4/real_time	b47ed98fcfd3-dirty	1000000	305257527.0	0.351	0.367	0.349	2.22	16367616.0	1212672.0	120.0	1300613.0	NA
default	variable-string	8192	1	1	ParquetReaderOnlyScan/Uncompressed/real_time	b47ed98fcfd3-dirty	1000000	303079433.0	0.52	0.527	0.513	0.92	20824064.0	2036480.0	120.0	NA	1322027.0
default	variable-string	8192	1	1	ParquetReaderOnlyScan/ZSTD/real_time	b47ed98fcfd3-dirty	1000000	179901391.0	1.149	1.156	1.146	0.37	21594112.0	2391552.0	120.0	NA	770143.0
default	variable-string	8192	1	4	ReaderOnlyScan/real_time	b47ed98fcfd3-dirty	1000000	305257527.0	1.619	1.643	1.596	1.32	12877824.0	3889088.0	120.0	5162398.0	NA
default	variable-string	8192	1	4	BoundedParallelReaderScan/4/real_time	b47ed98fcfd3-dirty	1000000	305257527.0	1.112	1.14	1.107	1.28	20807680.0	4055808.0	120.0	5162398.0	NA
default	variable-string	8192	1	4	ParquetReaderOnlyScan/Uncompressed/real_time	b47ed98fcfd3-dirty	1000000	303079433.0	1.775	1.869	1.731	3.1	25362432.0	6876608.0	120.0	NA	5051383.0
default	variable-string	8192	1	4	ParquetReaderOnlyScan/ZSTD/real_time	b47ed98fcfd3-dirty	1000000	179901391.0	4.127	4.173	4.092	0.82	27181056.0	8272256.0	120.0	NA	3014597.0
default	variable-string	8192	10	1	ReaderOnlyScan/real_time	b47ed98fcfd3-dirty	1000000	305257527.0	3.118	3.135	3.079	0.74	12402688.0	1671744.0	109.0	8139812.0	NA
default	variable-string	8192	10	1	BoundedParallelReaderScan/4/real_time	b47ed98fcfd3-dirty	1000000	305257527.0	1.147	1.204	1.109	3.25	31817728.0	4394432.0	109.0	8139812.0	NA
default	variable-string	8192	10	1	ParquetReaderOnlyScan/Uncompressed/real_time	b47ed98fcfd3-dirty	1000000	303079433.0	2.767	2.79	2.747	0.57	36929536.0	8466240.0	109.0	NA	7927705.0
default	variable-string	8192	10	1	ParquetReaderOnlyScan/ZSTD/real_time	b47ed98fcfd3-dirty	1000000	179901391.0	6.589	6.765	6.444	1.76	37584896.0	8466240.0	109.0	NA	4747521.0
default	variable-string	8192	10	4	ReaderOnlyScan/real_time	b47ed98fcfd3-dirty	1000000	305257527.0	13.409	13.503	13.211	0.79	17072128.0	5890688.0	109.0	32518606.0	NA
default	variable-string	8192	10	4	BoundedParallelReaderScan/4/real_time	b47ed98fcfd3-dirty	1000000	305257527.0	4.675	4.749	4.633	0.98	51642368.0	12767040.0	109.0	32518606.0	NA
default	variable-string	8192	10	4	ParquetReaderOnlyScan/Uncompressed/real_time	b47ed98fcfd3-dirty	1000000	303079433.0	11.843	12.17	11.528	2.24	63750144.0	33296832.0	109.0	NA	31473507.0
default	variable-string	8192	10	4	ParquetReaderOnlyScan/ZSTD/real_time	b47ed98fcfd3-dirty	1000000	179901391.0	26.066	26.497	25.984	0.83	64061440.0	33296832.0	109.0	NA	18918301.0
default	variable-string	8192	50	1	ReaderOnlyScan/real_time	b47ed98fcfd3-dirty	1000000	305257527.0	16.071	16.149	15.747	1.09	12713984.0	1671872.0	61.0	37982287.0	NA
default	variable-string	8192	50	1	BoundedParallelReaderScan/4/real_time	b47ed98fcfd3-dirty	1000000	305257527.0	5.189	5.244	5.083	1.21	37699584.0	4442240.0	61.0	37982287.0	NA
default	variable-string	8192	50	1	ParquetReaderOnlyScan/Uncompressed/real_time	b47ed98fcfd3-dirty	1000000	303079433.0	13.653	14.336	13.422	2.77	80281600.0	37291264.0	61.0	NA	36751172.0
default	variable-string	8192	50	1	ParquetReaderOnlyScan/ZSTD/real_time	b47ed98fcfd3-dirty	1000000	179901391.0	30.533	31.293	30.392	1.31	81838080.0	37291264.0	61.0	NA	22103570.0
default	variable-string	8192	50	4	ReaderOnlyScan/real_time	b47ed98fcfd3-dirty	1000000	305257527.0	64.903	65.882	64.367	0.87	19988480.0	5891520.0	61.0	151888721.0	NA
default	variable-string	8192	50	4	BoundedParallelReaderScan/4/real_time	b47ed98fcfd3-dirty	1000000	305257527.0	20.621	21.304	20.404	1.77	63488000.0	13451264.0	61.0	151888721.0	NA
default	variable-string	8192	50	4	ParquetReaderOnlyScan/Uncompressed/real_time	b47ed98fcfd3-dirty	1000000	303079433.0	55.043	55.531	54.367	0.78	199229440.0	148592320.0	61.0	NA	146767590.0
default	variable-string	8192	50	4	ParquetReaderOnlyScan/ZSTD/real_time	b47ed98fcfd3-dirty	1000000	179901391.0	120.945	121.467	120.621	0.29	205701120.0	148592320.0	61.0	NA	88316100.0
default	variable-string	8192	100	1	ReaderOnlyScan/real_time	b47ed98fcfd3-dirty	1000000	305257527.0	30.847	31.06	30.69	0.49	12255232.0	1082432.0	0.0	75893883.0	NA
default	variable-string	8192	100	1	BoundedParallelReaderScan/4/real_time	b47ed98fcfd3-dirty	1000000	305257527.0	9.872	10.191	9.239	3.67	37961728.0	4329728.0	0.0	75893883.0	NA
default	variable-string	8192	100	1	ParquetReaderOnlyScan/Uncompressed/real_time	b47ed98fcfd3-dirty	1000000	303079433.0	27.701	28.654	27.471	1.77	137838592.0	74524032.0	0.0	NA	73302224.0
default	variable-string	8192	100	1	ParquetReaderOnlyScan/ZSTD/real_time	b47ed98fcfd3-dirty	1000000	179901391.0	60.764	62.703	60.543	1.65	147963904.0	74524032.0	0.0	NA	44275893.0
default	variable-string	8192	100	4	ReaderOnlyScan/real_time	b47ed98fcfd3-dirty	1000000	305257527.0	124.29	125.207	123.337	0.56	15958016.0	2850496.0	0.0	303574889.0	NA
default	variable-string	8192	100	4	BoundedParallelReaderScan/4/real_time	b47ed98fcfd3-dirty	1000000	305257527.0	38.556	40.273	37.426	2.79	58277888.0	10643008.0	0.0	303574889.0	NA
default	variable-string	8192	100	4	ParquetReaderOnlyScan/Uncompressed/real_time	b47ed98fcfd3-dirty	1000000	303079433.0	112.218	117.529	110.61	2.63	345735168.0	297516416.0	0.0	NA	293208253.0
default	variable-string	8192	100	4	ParquetReaderOnlyScan/ZSTD/real_time	b47ed98fcfd3-dirty	1000000	179901391.0	244.673	247.613	243.501	0.68	363085824.0	297516416.0	0.0	NA	177035867.0
default	variable-string	65536	1	1	ReaderOnlyScan/real_time	b47ed98fcfd3-dirty	1000000	305566851.0	0.448	0.451	0.443	0.57	10027008.0	1225600.0	15.0	1319037.0	NA
default	variable-string	65536	1	1	BoundedParallelReaderScan/4/real_time	b47ed98fcfd3-dirty	1000000	305566851.0	0.5	0.515	0.496	1.62	12156928.0	1225600.0	15.0	1319037.0	NA
default	variable-string	65536	1	1	ParquetReaderOnlyScan/Uncompressed/real_time	b47ed98fcfd3-dirty	1000000	298731189.0	0.425	0.434	0.424	0.96	15630336.0	3484224.0	15.0	NA	1410165.0
default	variable-string	65536	1	1	ParquetReaderOnlyScan/ZSTD/real_time	b47ed98fcfd3-dirty	1000000	175576394.0	1.112	1.126	1.109	0.7	16400384.0	4104768.0	15.0	NA	796308.0
default	variable-string	65536	1	4	ReaderOnlyScan/real_time	b47ed98fcfd3-dirty	1000000	305566851.0	1.569	1.68	1.56	3.56	12222464.0	3383424.0	15.0	5180630.0	NA
default	variable-string	65536	1	4	BoundedParallelReaderScan/4/real_time	b47ed98fcfd3-dirty	1000000	305566851.0	1.636	1.654	1.631	0.6	14958592.0	3383424.0	15.0	5180630.0	NA
default	variable-string	65536	1	4	ParquetReaderOnlyScan/Uncompressed/real_time	b47ed98fcfd3-dirty	1000000	298731189.0	1.597	1.623	1.578	1.06	25870336.0	12139008.0	15.0	NA	5137988.0
default	variable-string	65536	1	4	ParquetReaderOnlyScan/ZSTD/real_time	b47ed98fcfd3-dirty	1000000	175576394.0	4.053	4.217	4.007	2.11	29392896.0	14570880.0	15.0	NA	3038937.0
default	variable-string	65536	10	1	ReaderOnlyScan/real_time	b47ed98fcfd3-dirty	1000000	305566851.0	4.396	8.904	4.27	38.19	30261248.0	9917632.0	13.0	11365612.0	NA
default	variable-string	65536	10	1	BoundedParallelReaderScan/4/real_time	b47ed98fcfd3-dirty	1000000	305566851.0	2.44	2.508	2.378	2.0	46252032.0	12572224.0	13.0	11365612.0	NA
default	variable-string	65536	10	1	ParquetReaderOnlyScan/Uncompressed/real_time	b47ed98fcfd3-dirty	1000000	298731189.0	2.968	3.024	2.934	1.16	48627712.0	12572224.0	13.0	NA	11353255.0
default	variable-string	65536	10	1	ParquetReaderOnlyScan/ZSTD/real_time	b47ed98fcfd3-dirty	1000000	175576394.0	8.364	8.455	8.206	1.02	48873472.0	12572224.0	13.0	NA	6574773.0
default	variable-string	65536	10	4	ReaderOnlyScan/real_time	b47ed98fcfd3-dirty	1000000	305566851.0	16.868	17.769	16.572	2.99	68173824.0	27827840.0	13.0	45068270.0	NA
default	variable-string	65536	10	4	BoundedParallelReaderScan/4/real_time	b47ed98fcfd3-dirty	1000000	305566851.0	14.925	16.011	14.878	3.52	73154560.0	32705792.0	13.0	45068270.0	NA
default	variable-string	65536	10	4	ParquetReaderOnlyScan/Uncompressed/real_time	b47ed98fcfd3-dirty	1000000	298731189.0	12.984	13.473	12.432	2.86	76824576.0	32705792.0	13.0	NA	43452860.0
default	variable-string	65536	10	4	ParquetReaderOnlyScan/ZSTD/real_time	b47ed98fcfd3-dirty	1000000	175576394.0	32.983	52.479	31.882	27.81	77070336.0	32705792.0	13.0	NA	25719215.0
default	variable-string	65536	50	1	ReaderOnlyScan/real_time	b47ed98fcfd3-dirty	1000000	305566851.0	17.334	17.447	17.073	0.8	32555008.0	13370752.0	7.0	41206795.0	NA
default	variable-string	65536	50	1	BoundedParallelReaderScan/4/real_time	b47ed98fcfd3-dirty	1000000	305566851.0	6.853	7.617	6.78	5.34	125140992.0	32855872.0	7.0	41206795.0	NA
default	variable-string	65536	50	1	ParquetReaderOnlyScan/Uncompressed/real_time	b47ed98fcfd3-dirty	1000000	298731189.0	10.773	11.448	10.451	3.46	128057344.0	36248960.0	7.0	NA	39725190.0
default	variable-string	65536	50	1	ParquetReaderOnlyScan/ZSTD/real_time	b47ed98fcfd3-dirty	1000000	175576394.0	28.648	29.092	28.429	0.9	128270336.0	36248960.0	7.0	NA	23485965.0
default	variable-string	65536	50	4	ReaderOnlyScan/real_time	b47ed98fcfd3-dirty	1000000	305566851.0	69.457	69.841	68.681	0.59	72581120.0	41639808.0	7.0	164433973.0	NA
default	variable-string	65536	50	4	BoundedParallelReaderScan/4/real_time	b47ed98fcfd3-dirty	1000000	305566851.0	69.795	71.215	68.132	1.71	107200512.0	46517120.0	7.0	164433973.0	NA
default	variable-string	65536	50	4	ParquetReaderOnlyScan/Uncompressed/real_time	b47ed98fcfd3-dirty	1000000	298731189.0	42.786	45.033	42.221	2.77	210337792.0	144205696.0	7.0	NA	156941571.0
default	variable-string	65536	50	4	ParquetReaderOnlyScan/ZSTD/real_time	b47ed98fcfd3-dirty	1000000	175576394.0	113.612	113.873	113.164	0.26	220971008.0	144205696.0	7.0	NA	93338384.0
default	variable-string	65536	100	1	ReaderOnlyScan/real_time	b47ed98fcfd3-dirty	1000000	305566851.0	32.615	32.787	32.456	0.39	26771456.0	8659008.0	0.0	75890459.0	NA
default	variable-string	65536	100	1	BoundedParallelReaderScan/4/real_time	b47ed98fcfd3-dirty	1000000	305566851.0	13.661	15.154	13.342	5.74	118800384.0	34636032.0	0.0	75890459.0	NA
default	variable-string	65536	100	1	ParquetReaderOnlyScan/Uncompressed/real_time	b47ed98fcfd3-dirty	1000000	298731189.0	19.723	20.294	19.476	1.61	129138688.0	74078848.0	0.0	NA	72172785.0
default	variable-string	65536	100	1	ParquetReaderOnlyScan/ZSTD/real_time	b47ed98fcfd3-dirty	1000000	175576394.0	51.76	53.465	51.443	1.7	129859584.0	74078848.0	0.0	NA	43174292.0
default	variable-string	65536	100	4	ReaderOnlyScan/real_time	b47ed98fcfd3-dirty	1000000	305566851.0	131.877	135.872	130.739	1.63	60768256.0	22794240.0	0.0	303561193.0	NA
default	variable-string	65536	100	4	BoundedParallelReaderScan/4/real_time	b47ed98fcfd3-dirty	1000000	305566851.0	132.822	133.89	130.876	0.93	74137600.0	27671616.0	0.0	303561193.0	NA
default	variable-string	65536	100	4	ParquetReaderOnlyScan/Uncompressed/real_time	b47ed98fcfd3-dirty	1000000	298731189.0	78.212	81.61	77.956	2.21	334151680.0	295523456.0	0.0	NA	288690497.0
default	variable-string	65536	100	4	ParquetReaderOnlyScan/ZSTD/real_time	b47ed98fcfd3-dirty	1000000	175576394.0	208.187	211.107	207.51	0.77	353632256.0	295523456.0	0.0	NA	172603851.0
default	variable-string	262144	1	1	ReaderOnlyScan/real_time	b47ed98fcfd3-dirty	1000000	305811819.0	4.482	4.715	4.298	3.51	28508160.0	2798464.0	3.0	16688112.0	NA
default	variable-string	262144	1	1	BoundedParallelReaderScan/4/real_time	b47ed98fcfd3-dirty	1000000	305811819.0	4.47	4.514	4.437	0.6	30343168.0	2798464.0	3.0	16688112.0	NA
default	variable-string	262144	1	1	ParquetReaderOnlyScan/Uncompressed/real_time	b47ed98fcfd3-dirty	1000000	296610872.0	3.908	3.932	3.858	0.76	48889856.0	21099008.0	3.0	NA	17331747.0
default	variable-string	262144	1	1	ParquetReaderOnlyScan/ZSTD/real_time	b47ed98fcfd3-dirty	1000000	173511260.0	12.095	12.352	11.925	1.41	49332224.0	21099008.0	3.0	NA	9604031.0
default	variable-string	262144	1	4	ReaderOnlyScan/real_time	b47ed98fcfd3-dirty	1000000	305811819.0	16.03	16.357	15.388	2.35	30474240.0	4956288.0	3.0	65311175.0	NA
default	variable-string	262144	1	4	BoundedParallelReaderScan/4/real_time	b47ed98fcfd3-dirty	1000000	305811819.0	15.54	15.713	15.413	0.73	30785536.0	4956288.0	3.0	65311175.0	NA
default	variable-string	262144	1	4	ParquetReaderOnlyScan/Uncompressed/real_time	b47ed98fcfd3-dirty	1000000	296610872.0	16.811	17.321	16.674	1.51	102465536.0	72083008.0	3.0	NA	63389054.0
default	variable-string	262144	1	4	ParquetReaderOnlyScan/ZSTD/real_time	b47ed98fcfd3-dirty	1000000	173511260.0	43.672	44.68	43.549	1.16	102498304.0	72083008.0	3.0	NA	36974722.0
default	variable-string	262144	10	1	ReaderOnlyScan/real_time	b47ed98fcfd3-dirty	1000000	305811819.0	5.841	5.912	5.754	0.97	43188224.0	10509760.0	3.0	16688112.0	NA
default	variable-string	262144	10	1	BoundedParallelReaderScan/4/real_time	b47ed98fcfd3-dirty	1000000	305811819.0	5.936	6.026	5.906	0.77	46399488.0	10509760.0	3.0	16688112.0	NA
default	variable-string	262144	10	1	ParquetReaderOnlyScan/Uncompressed/real_time	b47ed98fcfd3-dirty	1000000	296610872.0	3.916	4.006	3.848	1.51	49905664.0	21099008.0	3.0	NA	17331747.0
default	variable-string	262144	10	1	ParquetReaderOnlyScan/ZSTD/real_time	b47ed98fcfd3-dirty	1000000	173511260.0	12.059	12.333	11.923	1.39	50692096.0	21099008.0	3.0	NA	9604031.0
default	variable-string	262144	10	4	ReaderOnlyScan/real_time	b47ed98fcfd3-dirty	1000000	305811819.0	21.057	21.432	20.95	0.91	77938688.0	32077888.0	3.0	65311175.0	NA
default	variable-string	262144	10	4	BoundedParallelReaderScan/4/real_time	b47ed98fcfd3-dirty	1000000	305811819.0	21.251	22.169	21.1	2.31	78233600.0	32077888.0	3.0	65311175.0	NA
default	variable-string	262144	10	4	ParquetReaderOnlyScan/Uncompressed/real_time	b47ed98fcfd3-dirty	1000000	296610872.0	16.955	17.112	16.504	1.33	120602624.0	72083008.0	3.0	NA	63389054.0
default	variable-string	262144	10	4	ParquetReaderOnlyScan/ZSTD/real_time	b47ed98fcfd3-dirty	1000000	173511260.0	44.189	44.442	43.722	0.56	120635392.0	72083008.0	3.0	NA	36974722.0
default	variable-string	262144	50	1	ReaderOnlyScan/real_time	b47ed98fcfd3-dirty	1000000	305811819.0	22.079	23.199	21.76	2.64	104251392.0	36503936.0	1.0	56585654.0	NA
default	variable-string	262144	50	1	BoundedParallelReaderScan/4/real_time	b47ed98fcfd3-dirty	1000000	305811819.0	22.615	23.289	21.852	2.26	141737984.0	36503936.0	1.0	56585654.0	NA
default	variable-string	262144	50	1	ParquetReaderOnlyScan/Uncompressed/real_time	b47ed98fcfd3-dirty	1000000	296610872.0	13.56	14.035	13.397	1.82	141787136.0	36875328.0	1.0	NA	55397649.0
default	variable-string	262144	50	1	ParquetReaderOnlyScan/ZSTD/real_time	b47ed98fcfd3-dirty	1000000	173511260.0	38.82	39.719	38.418	1.32	141787136.0	36875328.0	1.0	NA	32052395.0
default	variable-string	262144	50	4	ReaderOnlyScan/real_time	b47ed98fcfd3-dirty	1000000	305811819.0	85.951	90.555	83.846	2.93	237223936.0	139101248.0	1.0	224573695.0	NA
default	variable-string	262144	50	4	BoundedParallelReaderScan/4/real_time	b47ed98fcfd3-dirty	1000000	305811819.0	86.376	86.837	85.495	0.61	237535232.0	139101248.0	1.0	224573695.0	NA
default	variable-string	262144	50	4	ParquetReaderOnlyScan/Uncompressed/real_time	b47ed98fcfd3-dirty	1000000	296610872.0	52.71	53.379	52.347	0.74	252674048.0	144375360.0	1.0	NA	214486937.0
default	variable-string	262144	50	4	ParquetReaderOnlyScan/ZSTD/real_time	b47ed98fcfd3-dirty	1000000	173511260.0	148.587	151.636	148.46	1.02	261816320.0	144375360.0	1.0	NA	126584985.0
default	variable-string	262144	100	1	ReaderOnlyScan/real_time	b47ed98fcfd3-dirty	1000000	305811819.0	35.81	37.327	35.378	2.27	86196224.0	34635840.0	0.0	75890075.0	NA
default	variable-string	262144	100	1	BoundedParallelReaderScan/4/real_time	b47ed98fcfd3-dirty	1000000	305811819.0	36.009	37.809	35.503	2.85	93241344.0	34635840.0	0.0	75890075.0	NA
default	variable-string	262144	100	1	ParquetReaderOnlyScan/Uncompressed/real_time	b47ed98fcfd3-dirty	1000000	296610872.0	17.559	18.114	17.179	2.2	134217728.0	74552768.0	0.0	NA	71868308.0
default	variable-string	262144	100	1	ParquetReaderOnlyScan/ZSTD/real_time	b47ed98fcfd3-dirty	1000000	173511260.0	49.107	50.173	48.809	1.12	146587648.0	74552768.0	0.0	NA	42873941.0
default	variable-string	262144	100	4	ReaderOnlyScan/real_time	b47ed98fcfd3-dirty	1000000	305811819.0	143.7	146.616	142.267	1.17	177192960.0	91172864.0	0.0	303559657.0	NA
default	variable-string	262144	100	4	BoundedParallelReaderScan/4/real_time	b47ed98fcfd3-dirty	1000000	305811819.0	141.792	145.687	141.343	1.31	177438720.0	91172864.0	0.0	303559657.0	NA
default	variable-string	262144	100	4	ParquetReaderOnlyScan/Uncompressed/real_time	b47ed98fcfd3-dirty	1000000	296610872.0	70.049	70.806	69.958	0.54	358416384.0	295084096.0	0.0	NA	287472589.0
default	variable-string	262144	100	4	ParquetReaderOnlyScan/ZSTD/real_time	b47ed98fcfd3-dirty	1000000	173511260.0	198.963	209.484	198.726	2.41	388464640.0	295084096.0	0.0	NA	171405999.0
default	long-run-int	1024	1	1	ReaderOnlyScan/real_time	b47ed98fcfd3-dirty	1000000	2004582.0	0.142	0.143	0.139	1.27	8077312.0	74624.0	966.0	2168.0	NA
default	long-run-int	1024	1	1	BoundedParallelReaderScan/4/real_time	b47ed98fcfd3-dirty	1000000	2004582.0	0.362	0.365	0.357	0.8	12058624.0	92928.0	966.0	2168.0	NA
default	long-run-int	1024	1	1	ParquetReaderOnlyScan/Uncompressed/real_time	b47ed98fcfd3-dirty	1000000	10400350.0	0.735	0.74	0.718	1.26	19185664.0	692736.0	966.0	NA	10209.0
default	long-run-int	1024	1	1	ParquetReaderOnlyScan/ZSTD/real_time	b47ed98fcfd3-dirty	1000000	3532990.0	0.699	0.709	0.69	1.08	19955712.0	692736.0	966.0	NA	3307.0
default	long-run-int	1024	1	4	ReaderOnlyScan/real_time	b47ed98fcfd3-dirty	1000000	2004582.0	0.243	0.245	0.241	0.56	8617984.0	298496.0	966.0	4712.0	NA
default	long-run-int	1024	1	4	BoundedParallelReaderScan/4/real_time	b47ed98fcfd3-dirty	1000000	2004582.0	0.403	0.411	0.4	1.06	12648448.0	370816.0	966.0	4712.0	NA
default	long-run-int	1024	1	4	ParquetReaderOnlyScan/Uncompressed/real_time	b47ed98fcfd3-dirty	1000000	10400350.0	0.89	0.903	0.872	1.52	20135936.0	692736.0	966.0	NA	12291.0
default	long-run-int	1024	1	4	ParquetReaderOnlyScan/ZSTD/real_time	b47ed98fcfd3-dirty	1000000	3532990.0	0.848	0.854	0.838	0.84	20316160.0	692736.0	966.0	NA	5983.0
default	long-run-int	1024	10	1	ReaderOnlyScan/real_time	b47ed98fcfd3-dirty	1000000	2004582.0	0.463	0.466	0.46	0.47	8110080.0	74624.0	878.0	8856.0	NA
default	long-run-int	1024	10	1	BoundedParallelReaderScan/4/real_time	b47ed98fcfd3-dirty	1000000	2004582.0	0.749	0.769	0.729	2.02	11829248.0	99584.0	878.0	8856.0	NA
default	long-run-int	1024	10	1	ParquetReaderOnlyScan/Uncompressed/real_time	b47ed98fcfd3-dirty	1000000	10400350.0	1.599	1.602	1.578	0.65	19054592.0	692736.0	878.0	NA	15753.0
default	long-run-int	1024	10	1	ParquetReaderOnlyScan/ZSTD/real_time	b47ed98fcfd3-dirty	1000000	3532990.0	1.142	1.164	1.134	1.05	19267584.0	692736.0	878.0	NA	10435.0
default	long-run-int	1024	10	4	ReaderOnlyScan/real_time	b47ed98fcfd3-dirty	1000000	2004582.0	1.427	1.455	1.42	1.02	8601600.0	298496.0	878.0	31464.0	NA
default	long-run-int	1024	10	4	BoundedParallelReaderScan/4/real_time	b47ed98fcfd3-dirty	1000000	2004582.0	1.239	1.261	1.209	1.45	12713984.0	397440.0	878.0	31464.0	NA
default	long-run-int	1024	10	4	ParquetReaderOnlyScan/Uncompressed/real_time	b47ed98fcfd3-dirty	1000000	10400350.0	3.12	3.133	3.053	0.96	19742720.0	692736.0	878.0	NA	34467.0
default	long-run-int	1024	10	4	ParquetReaderOnlyScan/ZSTD/real_time	b47ed98fcfd3-dirty	1000000	3532990.0	2.626	2.637	2.61	0.38	20021248.0	692736.0	878.0	NA	34495.0
default	long-run-int	1024	50	1	ReaderOnlyScan/real_time	b47ed98fcfd3-dirty	1000000	2004582.0	1.921	1.925	1.895	0.63	8044544.0	74624.0	488.0	38496.0	NA
default	long-run-int	1024	50	1	BoundedParallelReaderScan/4/real_time	b47ed98fcfd3-dirty	1000000	2004582.0	2.508	2.596	2.373	3.19	11763712.0	99584.0	488.0	38496.0	NA
default	long-run-int	1024	50	1	ParquetReaderOnlyScan/Uncompressed/real_time	b47ed98fcfd3-dirty	1000000	10400350.0	5.638	5.783	5.484	2.01	19267584.0	692736.0	488.0	NA	40323.0
default	long-run-int	1024	50	1	ParquetReaderOnlyScan/ZSTD/real_time	b47ed98fcfd3-dirty	1000000	3532990.0	3.219	3.243	3.178	0.7	20119552.0	1374656.0	488.0	NA	42025.0
default	long-run-int	1024	50	4	ReaderOnlyScan/real_time	b47ed98fcfd3-dirty	1000000	2004582.0	6.808	6.855	6.766	0.49	8290304.0	298496.0	488.0	150024.0	NA
default	long-run-int	1024	50	4	BoundedParallelReaderScan/4/real_time	b47ed98fcfd3-dirty	1000000	2004582.0	4.993	5.028	4.913	0.81	12500992.0	397568.0	488.0	150024.0	NA
default	long-run-int	1024	50	4	ParquetReaderOnlyScan/Uncompressed/real_time	b47ed98fcfd3-dirty	1000000	10400350.0	12.91	13.189	12.787	1.25	19693568.0	692736.0	488.0	NA	132747.0
default	long-run-int	1024	50	4	ParquetReaderOnlyScan/ZSTD/real_time	b47ed98fcfd3-dirty	1000000	3532990.0	10.461	10.576	10.369	0.73	20234240.0	1499712.0	488.0	NA	160855.0
default	long-run-int	1024	100	1	ReaderOnlyScan/real_time	b47ed98fcfd3-dirty	1000000	2004582.0	3.625	3.636	3.591	0.43	7946240.0	66304.0	0.0	74264.0	NA
default	long-run-int	1024	100	1	BoundedParallelReaderScan/4/real_time	b47ed98fcfd3-dirty	1000000	2004582.0	4.547	4.697	4.434	2.19	11534336.0	91264.0	0.0	74264.0	NA
default	long-run-int	1024	100	1	ParquetReaderOnlyScan/Uncompressed/real_time	b47ed98fcfd3-dirty	1000000	10400350.0	10.168	10.434	10.035	1.57	19480576.0	692736.0	0.0	NA	61552.0
default	long-run-int	1024	100	1	ParquetReaderOnlyScan/ZSTD/real_time	b47ed98fcfd3-dirty	1000000	3532990.0	5.841	5.986	5.615	2.58	21381120.0	2713984.0	0.0	NA	79138.0
default	long-run-int	1024	100	4	ReaderOnlyScan/real_time	b47ed98fcfd3-dirty	1000000	2004582.0	13.43	13.527	13.369	0.48	8110080.0	265216.0	0.0	297056.0	NA
default	long-run-int	1024	100	4	BoundedParallelReaderScan/4/real_time	b47ed98fcfd3-dirty	1000000	2004582.0	9.571	10.383	9.318	4.5	12156928.0	364672.0	0.0	297056.0	NA
default	long-run-int	1024	100	4	ParquetReaderOnlyScan/Uncompressed/real_time	b47ed98fcfd3-dirty	1000000	10400350.0	25.638	26.197	25.466	1.19	20168704.0	692736.0	0.0	NA	246208.0
default	long-run-int	1024	100	4	ParquetReaderOnlyScan/ZSTD/real_time	b47ed98fcfd3-dirty	1000000	3532990.0	20.866	20.929	20.435	0.87	22249472.0	2839040.0	0.0	NA	316552.0
default	long-run-int	8192	1	1	ReaderOnlyScan/real_time	b47ed98fcfd3-dirty	1000000	1925038.0	0.075	0.076	0.075	0.44	6701056.0	109696.0	120.0	14432.0	NA
default	long-run-int	8192	1	1	BoundedParallelReaderScan/4/real_time	b47ed98fcfd3-dirty	1000000	1925038.0	0.13	0.136	0.127	2.79	8044544.0	146880.0	120.0	14432.0	NA
default	long-run-int	8192	1	1	ParquetReaderOnlyScan/Uncompressed/real_time	b47ed98fcfd3-dirty	1000000	9860051.0	0.164	0.165	0.162	0.63	10256384.0	219136.0	120.0	NA	79449.0
default	long-run-int	8192	1	1	ParquetReaderOnlyScan/ZSTD/real_time	b47ed98fcfd3-dirty	1000000	2822256.0	0.224	0.227	0.222	0.81	10633216.0	227328.0	120.0	NA	21952.0
default	long-run-int	8192	1	4	ReaderOnlyScan/real_time	b47ed98fcfd3-dirty	1000000	1925038.0	0.157	0.159	0.156	0.72	7176192.0	438784.0	120.0	17672.0	NA
default	long-run-int	8192	1	4	BoundedParallelReaderScan/4/real_time	b47ed98fcfd3-dirty	1000000	1925038.0	0.182	0.188	0.18	1.74	9043968.0	457728.0	120.0	17672.0	NA
default	long-run-int	8192	1	4	ParquetReaderOnlyScan/Uncompressed/real_time	b47ed98fcfd3-dirty	1000000	9860051.0	0.305	0.308	0.303	0.65	11223040.0	457728.0	120.0	NA	81069.0
default	long-run-int	8192	1	4	ParquetReaderOnlyScan/ZSTD/real_time	b47ed98fcfd3-dirty	1000000	2822256.0	0.366	0.368	0.363	0.57	11567104.0	457728.0	120.0	NA	23224.0
default	long-run-int	8192	10	1	ReaderOnlyScan/real_time	b47ed98fcfd3-dirty	1000000	1925038.0	0.303	0.309	0.302	0.99	6832128.0	166400.0	109.0	19888.0	NA
default	long-run-int	8192	10	1	BoundedParallelReaderScan/4/real_time	b47ed98fcfd3-dirty	1000000	1925038.0	0.231	0.233	0.227	0.99	8372224.0	366080.0	109.0	19888.0	NA
default	long-run-int	8192	10	1	ParquetReaderOnlyScan/Uncompressed/real_time	b47ed98fcfd3-dirty	1000000	9860051.0	0.486	0.488	0.48	0.62	10862592.0	366080.0	109.0	NA	82067.0
default	long-run-int	8192	10	1	ParquetReaderOnlyScan/ZSTD/real_time	b47ed98fcfd3-dirty	1000000	2822256.0	0.544	0.547	0.541	0.42	11091968.0	366080.0	109.0	NA	23888.0
default	long-run-int	8192	10	4	ReaderOnlyScan/real_time	b47ed98fcfd3-dirty	1000000	1925038.0	1.043	1.052	1.038	0.54	7503872.0	665600.0	109.0	39496.0	NA
default	long-run-int	8192	10	4	BoundedParallelReaderScan/4/real_time	b47ed98fcfd3-dirty	1000000	1925038.0	0.434	0.438	0.428	0.78	10993664.0	1464320.0	109.0	39496.0	NA
default	long-run-int	8192	10	4	ParquetReaderOnlyScan/Uncompressed/real_time	b47ed98fcfd3-dirty	1000000	9860051.0	1.287	1.294	1.269	0.78	13303808.0	1464320.0	109.0	NA	91541.0
default	long-run-int	8192	10	4	ParquetReaderOnlyScan/ZSTD/real_time	b47ed98fcfd3-dirty	1000000	2822256.0	1.357	1.364	1.346	0.45	13582336.0	1464320.0	109.0	NA	30803.0
default	long-run-int	8192	50	1	ReaderOnlyScan/real_time	b47ed98fcfd3-dirty	1000000	1925038.0	1.329	1.335	1.324	0.3	6848512.0	166400.0	61.0	43696.0	NA
default	long-run-int	8192	50	1	BoundedParallelReaderScan/4/real_time	b47ed98fcfd3-dirty	1000000	1925038.0	0.674	0.684	0.666	0.93	8454144.0	366080.0	61.0	43696.0	NA
default	long-run-int	8192	50	1	ParquetReaderOnlyScan/Uncompressed/real_time	b47ed98fcfd3-dirty	1000000	9860051.0	1.881	1.913	1.872	0.84	10747904.0	366080.0	61.0	NA	93491.0
default	long-run-int	8192	50	1	ParquetReaderOnlyScan/ZSTD/real_time	b47ed98fcfd3-dirty	1000000	2822256.0	1.958	1.967	1.924	0.74	10993664.0	366080.0	61.0	NA	32336.0
default	long-run-int	8192	50	4	ReaderOnlyScan/real_time	b47ed98fcfd3-dirty	1000000	1925038.0	4.976	4.996	4.952	0.3	7946240.0	665600.0	61.0	134728.0	NA
default	long-run-int	8192	50	4	BoundedParallelReaderScan/4/real_time	b47ed98fcfd3-dirty	1000000	1925038.0	1.688	1.706	1.666	0.97	10878976.0	1464320.0	61.0	134728.0	NA
default	long-run-int	8192	50	4	ParquetReaderOnlyScan/Uncompressed/real_time	b47ed98fcfd3-dirty	1000000	9860051.0	5.477	5.542	5.451	0.62	13418496.0	1464320.0	61.0	NA	137237.0
default	long-run-int	8192	50	4	ParquetReaderOnlyScan/ZSTD/real_time	b47ed98fcfd3-dirty	1000000	2822256.0	5.657	5.691	5.63	0.41	13647872.0	1464320.0	61.0	NA	63875.0
default	long-run-int	8192	100	1	ReaderOnlyScan/real_time	b47ed98fcfd3-dirty	1000000	1925038.0	2.364	2.366	2.347	0.29	6488064.0	66560.0	0.0	60600.0	NA
default	long-run-int	8192	100	1	BoundedParallelReaderScan/4/real_time	b47ed98fcfd3-dirty	1000000	1925038.0	1.059	1.077	1.041	1.34	7782400.0	266240.0	0.0	60600.0	NA
default	long-run-int	8192	100	1	ParquetReaderOnlyScan/Uncompressed/real_time	b47ed98fcfd3-dirty	1000000	9860051.0	3.574	3.615	3.55	0.7	10108928.0	266240.0	0.0	NA	29100.0
default	long-run-int	8192	100	1	ParquetReaderOnlyScan/ZSTD/real_time	b47ed98fcfd3-dirty	1000000	2822256.0	3.646	3.673	3.609	0.63	10338304.0	266240.0	0.0	NA	21378.0
default	long-run-int	8192	100	4	ReaderOnlyScan/real_time	b47ed98fcfd3-dirty	1000000	1925038.0	9.281	9.329	9.225	0.41	6750208.0	266240.0	0.0	242400.0	NA
default	long-run-int	8192	100	4	BoundedParallelReaderScan/4/real_time	b47ed98fcfd3-dirty	1000000	1925038.0	2.942	3.038	2.924	1.6	8962048.0	1064960.0	0.0	242400.0	NA
default	long-run-int	8192	100	4	ParquetReaderOnlyScan/Uncompressed/real_time	b47ed98fcfd3-dirty	1000000	9860051.0	10.86	10.92	10.772	0.48	11239424.0	1064960.0	0.0	NA	116400.0
default	long-run-int	8192	100	4	ParquetReaderOnlyScan/ZSTD/real_time	b47ed98fcfd3-dirty	1000000	2822256.0	11.154	11.599	11.054	1.98	11517952.0	1064960.0	0.0	NA	84210.0
default	long-run-int	65536	1	1	ReaderOnlyScan/real_time	b47ed98fcfd3-dirty	1000000	2241210.0	0.103	0.104	0.102	0.79	6455296.0	216960.0	15.0	32888.0	NA
default	long-run-int	65536	1	1	BoundedParallelReaderScan/4/real_time	b47ed98fcfd3-dirty	1000000	2241210.0	0.154	0.159	0.15	2.22	7012352.0	216960.0	15.0	32888.0	NA
default	long-run-int	65536	1	1	ParquetReaderOnlyScan/Uncompressed/real_time	b47ed98fcfd3-dirty	1000000	10091996.0	0.098	0.099	0.096	1.08	8863744.0	378368.0	15.0	NA	168019.0
default	long-run-int	65536	1	1	ParquetReaderOnlyScan/ZSTD/real_time	b47ed98fcfd3-dirty	1000000	2963855.0	0.216	0.217	0.214	0.61	9240576.0	394816.0	15.0	NA	48488.0
default	long-run-int	65536	1	4	ReaderOnlyScan/real_time	b47ed98fcfd3-dirty	1000000	2241210.0	0.178	0.179	0.176	0.67	6651904.0	460800.0	15.0	36032.0	NA
default	long-run-int	65536	1	4	BoundedParallelReaderScan/4/real_time	b47ed98fcfd3-dirty	1000000	2241210.0	0.23	0.231	0.228	0.63	7159808.0	460800.0	15.0	36032.0	NA
default	long-run-int	65536	1	4	ParquetReaderOnlyScan/Uncompressed/real_time	b47ed98fcfd3-dirty	1000000	10091996.0	0.219	0.22	0.216	0.62	9043968.0	505088.0	15.0	NA	169402.0
default	long-run-int	65536	1	4	ParquetReaderOnlyScan/ZSTD/real_time	b47ed98fcfd3-dirty	1000000	2963855.0	0.341	0.342	0.339	0.41	9306112.0	521920.0	15.0	NA	49232.0
default	long-run-int	65536	10	1	ReaderOnlyScan/real_time	b47ed98fcfd3-dirty	1000000	2241210.0	0.492	0.495	0.488	0.55	7192576.0	708032.0	13.0	139872.0	NA
default	long-run-int	65536	10	1	BoundedParallelReaderScan/4/real_time	b47ed98fcfd3-dirty	1000000	2241210.0	0.371	0.381	0.363	1.83	9584640.0	1336896.0	13.0	139872.0	NA
default	long-run-int	65536	10	1	ParquetReaderOnlyScan/Uncompressed/real_time	b47ed98fcfd3-dirty	1000000	10091996.0	0.537	0.545	0.531	0.91	11075584.0	1336896.0	13.0	NA	656973.0
default	long-run-int	65536	10	1	ParquetReaderOnlyScan/ZSTD/real_time	b47ed98fcfd3-dirty	1000000	2963855.0	0.978	0.987	0.976	0.44	11354112.0	1356992.0	13.0	NA	191514.0
default	long-run-int	65536	10	4	ReaderOnlyScan/real_time	b47ed98fcfd3-dirty	1000000	2241210.0	1.181	1.19	1.174	0.51	9437184.0	2832128.0	13.0	166152.0	NA
default	long-run-int	65536	10	4	BoundedParallelReaderScan/4/real_time	b47ed98fcfd3-dirty	1000000	2241210.0	0.677	0.681	0.672	0.54	12730368.0	3774720.0	13.0	166152.0	NA
default	long-run-int	65536	10	4	ParquetReaderOnlyScan/Uncompressed/real_time	b47ed98fcfd3-dirty	1000000	10091996.0	1.615	1.633	1.603	0.82	14942208.0	3774720.0	13.0	NA	668574.0
default	long-run-int	65536	10	4	ParquetReaderOnlyScan/ZSTD/real_time	b47ed98fcfd3-dirty	1000000	2963855.0	2.102	2.117	2.096	0.4	15138816.0	3774720.0	13.0	NA	196536.0
default	long-run-int	65536	50	1	ReaderOnlyScan/real_time	b47ed98fcfd3-dirty	1000000	2241210.0	1.419	1.436	1.415	0.62	8028160.0	1098240.0	7.0	163008.0	NA
default	long-run-int	65536	50	1	BoundedParallelReaderScan/4/real_time	b47ed98fcfd3-dirty	1000000	2241210.0	0.614	0.616	0.607	0.54	13582336.0	2695680.0	7.0	163008.0	NA
default	long-run-int	65536	50	1	ParquetReaderOnlyScan/Uncompressed/real_time	b47ed98fcfd3-dirty	1000000	10091996.0	1.596	1.606	1.578	0.62	15286272.0	2695680.0	7.0	NA	667191.0
default	long-run-int	65536	50	1	ParquetReaderOnlyScan/ZSTD/real_time	b47ed98fcfd3-dirty	1000000	2963855.0	2.072	2.098	2.061	0.71	15499264.0	2695680.0	7.0	NA	195774.0
default	long-run-int	65536	50	4	ReaderOnlyScan/real_time	b47ed98fcfd3-dirty	1000000	2241210.0	4.72	4.749	4.701	0.41	12255232.0	4392960.0	7.0	258696.0	NA
default	long-run-int	65536	50	4	BoundedParallelReaderScan/4/real_time	b47ed98fcfd3-dirty	1000000	2241210.0	1.413	1.459	1.36	2.56	24166400.0	10782720.0	7.0	258696.0	NA
default	long-run-int	65536	50	4	ParquetReaderOnlyScan/Uncompressed/real_time	b47ed98fcfd3-dirty	1000000	10091996.0	5.633	5.712	5.572	0.97	25722880.0	10782720.0	7.0	NA	709446.0
default	long-run-int	65536	50	4	ParquetReaderOnlyScan/ZSTD/real_time	b47ed98fcfd3-dirty	1000000	2963855.0	6.24	6.297	6.226	0.51	26279936.0	10782720.0	7.0	NA	213630.0
default	long-run-int	65536	100	1	ReaderOnlyScan/real_time	b47ed98fcfd3-dirty	1000000	2241210.0	2.242	2.25	2.219	0.59	7143424.0	532480.0	0.0	58888.0	NA
default	long-run-int	65536	100	1	BoundedParallelReaderScan/4/real_time	b47ed98fcfd3-dirty	1000000	2241210.0	0.71	0.724	0.701	1.29	10878976.0	2129920.0	0.0	58888.0	NA
default	long-run-int	65536	100	1	ParquetReaderOnlyScan/Uncompressed/real_time	b47ed98fcfd3-dirty	1000000	10091996.0	2.626	2.684	2.615	1.1	12419072.0	2129920.0	0.0	NA	26006.0
default	long-run-int	65536	100	1	ParquetReaderOnlyScan/ZSTD/real_time	b47ed98fcfd3-dirty	1000000	2963855.0	2.766	2.779	2.743	0.44	12681216.0	2129920.0	0.0	NA	10973.0
default	long-run-int	65536	100	4	ReaderOnlyScan/real_time	b47ed98fcfd3-dirty	1000000	2241210.0	8.735	8.811	8.706	0.5	9027584.0	2129920.0	0.0	235552.0	NA
default	long-run-int	65536	100	4	BoundedParallelReaderScan/4/real_time	b47ed98fcfd3-dirty	1000000	2241210.0	2.516	2.55	2.509	0.67	19169280.0	8519680.0	0.0	235552.0	NA
default	long-run-int	65536	100	4	ParquetReaderOnlyScan/Uncompressed/real_time	b47ed98fcfd3-dirty	1000000	10091996.0	10.065	10.105	9.992	0.52	21020672.0	8519680.0	0.0	NA	104024.0
default	long-run-int	65536	100	4	ParquetReaderOnlyScan/ZSTD/real_time	b47ed98fcfd3-dirty	1000000	2963855.0	10.471	10.485	10.381	0.39	21463040.0	8519680.0	0.0	NA	43802.0
default	long-run-int	262144	1	1	ReaderOnlyScan/real_time	b47ed98fcfd3-dirty	1000000	2486946.0	0.852	0.853	0.849	0.26	8421376.0	1789824.0	3.0	493136.0	NA
default	long-run-int	262144	1	1	BoundedParallelReaderScan/4/real_time	b47ed98fcfd3-dirty	1000000	2486946.0	0.912	0.915	0.907	0.33	8929280.0	1789824.0	3.0	493136.0	NA
default	long-run-int	262144	1	1	ParquetReaderOnlyScan/Uncompressed/real_time	b47ed98fcfd3-dirty	1000000	9204458.0	0.883	0.889	0.877	0.58	13467648.0	3154432.0	3.0	NA	1985128.0
default	long-run-int	262144	1	1	ParquetReaderOnlyScan/ZSTD/real_time	b47ed98fcfd3-dirty	1000000	2106845.0	2.209	2.228	2.19	0.62	13664256.0	3154432.0	3.0	NA	477730.0
default	long-run-int	262144	1	4	ReaderOnlyScan/real_time	b47ed98fcfd3-dirty	1000000	2486946.0	0.963	0.971	0.96	0.46	8699904.0	2033664.0	3.0	530840.0	NA
default	long-run-int	262144	1	4	BoundedParallelReaderScan/4/real_time	b47ed98fcfd3-dirty	1000000	2486946.0	1.027	1.034	1.025	0.37	9175040.0	2033664.0	3.0	530840.0	NA
default	long-run-int	262144	1	4	ParquetReaderOnlyScan/Uncompressed/real_time	b47ed98fcfd3-dirty	1000000	9204458.0	2.528	2.579	2.501	1.12	13467648.0	3330624.0	3.0	NA	2002147.0
default	long-run-int	262144	1	4	ParquetReaderOnlyScan/ZSTD/real_time	b47ed98fcfd3-dirty	1000000	2106845.0	3.953	3.984	3.929	0.5	13680640.0	3330624.0	3.0	NA	484349.0
default	long-run-int	262144	10	1	ReaderOnlyScan/real_time	b47ed98fcfd3-dirty	1000000	2486946.0	1.154	1.158	1.145	0.47	9453568.0	2521088.0	3.0	493136.0	NA
default	long-run-int	262144	10	1	BoundedParallelReaderScan/4/real_time	b47ed98fcfd3-dirty	1000000	2486946.0	1.222	1.229	1.215	0.39	9961472.0	2521088.0	3.0	493136.0	NA
default	long-run-int	262144	10	1	ParquetReaderOnlyScan/Uncompressed/real_time	b47ed98fcfd3-dirty	1000000	9204458.0	0.884	0.892	0.871	0.88	12632064.0	3154432.0	3.0	NA	1985128.0
default	long-run-int	262144	10	1	ParquetReaderOnlyScan/ZSTD/real_time	b47ed98fcfd3-dirty	1000000	2106845.0	2.217	2.232	2.202	0.53	12845056.0	3154432.0	3.0	NA	477730.0
default	long-run-int	262144	10	4	ReaderOnlyScan/real_time	b47ed98fcfd3-dirty	1000000	2486946.0	1.851	1.877	1.841	0.75	11878400.0	4958720.0	3.0	530840.0	NA
default	long-run-int	262144	10	4	BoundedParallelReaderScan/4/real_time	b47ed98fcfd3-dirty	1000000	2486946.0	1.93	1.957	1.921	0.76	13107200.0	4958720.0	3.0	530840.0	NA
default	long-run-int	262144	10	4	ParquetReaderOnlyScan/Uncompressed/real_time	b47ed98fcfd3-dirty	1000000	9204458.0	2.545	2.619	2.535	1.45	14680064.0	4958720.0	3.0	NA	2002147.0
default	long-run-int	262144	10	4	ParquetReaderOnlyScan/ZSTD/real_time	b47ed98fcfd3-dirty	1000000	2106845.0	3.964	3.988	3.939	0.49	14876672.0	4958720.0	3.0	NA	484349.0
default	long-run-int	262144	50	1	ReaderOnlyScan/real_time	b47ed98fcfd3-dirty	1000000	2486946.0	2.134	2.163	2.124	0.79	11026432.0	3898496.0	1.0	633184.0	NA
default	long-run-int	262144	50	1	BoundedParallelReaderScan/4/real_time	b47ed98fcfd3-dirty	1000000	2486946.0	1.206	1.211	1.202	0.26	16842752.0	6159744.0	1.0	633184.0	NA
default	long-run-int	262144	50	1	ParquetReaderOnlyScan/Uncompressed/real_time	b47ed98fcfd3-dirty	1000000	9204458.0	2.292	2.316	2.269	0.84	18677760.0	6159744.0	1.0	NA	2387807.0
default	long-run-int	262144	50	1	ParquetReaderOnlyScan/ZSTD/real_time	b47ed98fcfd3-dirty	1000000	2106845.0	3.921	3.967	3.891	0.69	19136512.0	6159744.0	1.0	NA	532661.0
default	long-run-int	262144	50	4	ReaderOnlyScan/real_time	b47ed98fcfd3-dirty	1000000	2486946.0	5.442	5.465	5.422	0.3	25460736.0	15593984.0	1.0	763144.0	NA
default	long-run-int	262144	50	4	BoundedParallelReaderScan/4/real_time	b47ed98fcfd3-dirty	1000000	2486946.0	3.324	3.341	3.293	0.58	28033024.0	15593984.0	1.0	763144.0	NA
default	long-run-int	262144	50	4	ParquetReaderOnlyScan/Uncompressed/real_time	b47ed98fcfd3-dirty	1000000	9204458.0	7.834	7.893	7.71	0.79	29409280.0	15593984.0	1.0	NA	2446898.0
default	long-run-int	262144	50	4	ParquetReaderOnlyScan/ZSTD/real_time	b47ed98fcfd3-dirty	1000000	2106845.0	9.7	9.847	9.685	0.73	29638656.0	15593984.0	1.0	NA	555750.0
default	long-run-int	262144	100	1	ReaderOnlyScan/real_time	b47ed98fcfd3-dirty	1000000	2486946.0	2.21	2.22	2.197	0.38	10387456.0	2129920.0	0.0	58696.0	NA
default	long-run-int	262144	100	1	BoundedParallelReaderScan/4/real_time	b47ed98fcfd3-dirty	1000000	2486946.0	0.691	0.703	0.683	1.14	17383424.0	8125056.0	0.0	58696.0	NA
default	long-run-int	262144	100	1	ParquetReaderOnlyScan/Uncompressed/real_time	b47ed98fcfd3-dirty	1000000	9204458.0	2.541	2.548	2.538	0.15	18792448.0	8125056.0	0.0	NA	26709.0
default	long-run-int	262144	100	1	ParquetReaderOnlyScan/ZSTD/real_time	b47ed98fcfd3-dirty	1000000	2106845.0	2.694	2.716	2.678	0.54	19054592.0	8125056.0	0.0	NA	10648.0
default	long-run-int	262144	100	4	ReaderOnlyScan/real_time	b47ed98fcfd3-dirty	1000000	2486946.0	8.683	8.954	8.651	1.67	17416192.0	8519680.0	0.0	234784.0	NA
default	long-run-int	262144	100	4	BoundedParallelReaderScan/4/real_time	b47ed98fcfd3-dirty	1000000	2486946.0	4.804	4.824	4.772	0.43	27836416.0	17039360.0	0.0	234784.0	NA
default	long-run-int	262144	100	4	ParquetReaderOnlyScan/Uncompressed/real_time	b47ed98fcfd3-dirty	1000000	9204458.0	10.252	10.311	10.219	0.33	29343744.0	17039360.0	0.0	NA	106836.0
default	long-run-int	262144	100	4	ParquetReaderOnlyScan/ZSTD/real_time	b47ed98fcfd3-dirty	1000000	2106845.0	10.72	10.816	10.572	0.79	29589504.0	17039360.0	0.0	NA	41972.0
default	narrow-int	1024	1	1	ReaderOnlyScan/real_time	b47ed98fcfd3-dirty	1000000	4363846.0	0.145	0.147	0.143	1.01	8093696.0	74880.0	966.0	8520.0	NA
default	narrow-int	1024	1	1	BoundedParallelReaderScan/4/real_time	b47ed98fcfd3-dirty	1000000	4363846.0	0.352	0.356	0.35	0.69	11780096.0	93248.0	966.0	8520.0	NA
default	narrow-int	1024	1	1	ParquetReaderOnlyScan/Uncompressed/real_time	b47ed98fcfd3-dirty	1000000	13661310.0	0.787	0.802	0.752	2.38	18956288.0	696960.0	966.0	NA	19051.0
default	narrow-int	1024	1	1	ParquetReaderOnlyScan/ZSTD/real_time	b47ed98fcfd3-dirty	1000000	4255065.0	0.751	0.755	0.726	1.4	19759104.0	696960.0	966.0	NA	5249.0
default	narrow-int	1024	1	4	ReaderOnlyScan/real_time	b47ed98fcfd3-dirty	1000000	4363846.0	0.253	0.255	0.25	0.78	8404992.0	299520.0	966.0	30120.0	NA
default	narrow-int	1024	1	4	BoundedParallelReaderScan/4/real_time	b47ed98fcfd3-dirty	1000000	4363846.0	0.4	0.402	0.397	0.41	12369920.0	372992.0	966.0	30120.0	NA
default	narrow-int	1024	1	4	ParquetReaderOnlyScan/Uncompressed/real_time	b47ed98fcfd3-dirty	1000000	13661310.0	1.023	1.032	0.996	1.18	19464192.0	696960.0	966.0	NA	47659.0
default	narrow-int	1024	1	4	ParquetReaderOnlyScan/ZSTD/real_time	b47ed98fcfd3-dirty	1000000	4255065.0	1.039	1.046	1.001	2.15	19660800.0	696960.0	966.0	NA	13855.0
default	narrow-int	1024	10	1	ReaderOnlyScan/real_time	b47ed98fcfd3-dirty	1000000	4363846.0	0.481	0.488	0.476	0.92	8110080.0	74880.0	878.0	68360.0	NA
default	narrow-int	1024	10	1	BoundedParallelReaderScan/4/real_time	b47ed98fcfd3-dirty	1000000	4363846.0	0.736	0.755	0.729	1.34	12124160.0	99840.0	878.0	68360.0	NA
default	narrow-int	1024	10	1	ParquetReaderOnlyScan/Uncompressed/real_time	b47ed98fcfd3-dirty	1000000	13661310.0	1.847	1.878	1.842	0.82	19398656.0	696960.0	878.0	NA	97867.0
default	narrow-int	1024	10	1	ParquetReaderOnlyScan/ZSTD/real_time	b47ed98fcfd3-dirty	1000000	4255065.0	1.454	1.485	1.438	1.24	19742720.0	696960.0	878.0	NA	28286.0
default	narrow-int	1024	10	4	ReaderOnlyScan/real_time	b47ed98fcfd3-dirty	1000000	4363846.0	1.516	1.518	1.506	0.31	8617984.0	299520.0	878.0	269480.0	NA
default	narrow-int	1024	10	4	BoundedParallelReaderScan/4/real_time	b47ed98fcfd3-dirty	1000000	4363846.0	1.248	1.257	1.229	0.86	13041664.0	399360.0	878.0	269480.0	NA
default	narrow-int	1024	10	4	ParquetReaderOnlyScan/Uncompressed/real_time	b47ed98fcfd3-dirty	1000000	13661310.0	3.969	4.035	3.902	1.3	20545536.0	696960.0	878.0	NA	362923.0
default	narrow-int	1024	10	4	ParquetReaderOnlyScan/ZSTD/real_time	b47ed98fcfd3-dirty	1000000	4255065.0	3.781	3.803	3.755	0.52	21463040.0	696960.0	878.0	NA	106837.0
default	narrow-int	1024	50	1	ReaderOnlyScan/real_time	b47ed98fcfd3-dirty	1000000	4363846.0	2.018	2.026	1.993	0.65	8044544.0	74880.0	488.0	333560.0	NA
default	narrow-int	1024	50	1	BoundedParallelReaderScan/4/real_time	b47ed98fcfd3-dirty	1000000	4363846.0	2.533	2.584	2.507	1.19	11698176.0	99840.0	488.0	333560.0	NA
default	narrow-int	1024	50	1	ParquetReaderOnlyScan/Uncompressed/real_time	b47ed98fcfd3-dirty	1000000	13661310.0	6.722	6.883	6.679	1.2	19709952.0	696960.0	488.0	NA	447171.0
default	narrow-int	1024	50	1	ParquetReaderOnlyScan/ZSTD/real_time	b47ed98fcfd3-dirty	1000000	4255065.0	4.599	4.663	4.578	0.8	20955136.0	1731776.0	488.0	NA	130273.0
default	narrow-int	1024	50	4	ReaderOnlyScan/real_time	b47ed98fcfd3-dirty	1000000	4363846.0	7.148	7.211	7.108	0.56	8339456.0	299520.0	488.0	1330280.0	NA
default	narrow-int	1024	50	4	BoundedParallelReaderScan/4/real_time	b47ed98fcfd3-dirty	1000000	4363846.0	4.992	5.027	4.915	0.78	12484608.0	399360.0	488.0	1330280.0	NA
default	narrow-int	1024	50	4	ParquetReaderOnlyScan/Uncompressed/real_time	b47ed98fcfd3-dirty	1000000	13661310.0	17.712	17.999	17.357	1.43	20938752.0	1926848.0	488.0	NA	1760139.0
default	narrow-int	1024	50	4	ParquetReaderOnlyScan/ZSTD/real_time	b47ed98fcfd3-dirty	1000000	4255065.0	16.279	16.509	16.004	1.23	22888448.0	1926848.0	488.0	NA	518478.0
default	narrow-int	1024	100	1	ReaderOnlyScan/real_time	b47ed98fcfd3-dirty	1000000	4363846.0	3.784	3.844	3.769	0.82	7913472.0	66560.0	0.0	664080.0	NA
default	narrow-int	1024	100	1	BoundedParallelReaderScan/4/real_time	b47ed98fcfd3-dirty	1000000	4363846.0	4.611	4.675	4.488	1.46	11550720.0	91520.0	0.0	664080.0	NA
default	narrow-int	1024	100	1	ParquetReaderOnlyScan/Uncompressed/real_time	b47ed98fcfd3-dirty	1000000	13661310.0	13.008	13.233	12.722	1.58	20037632.0	939520.0	0.0	NA	874731.0
default	narrow-int	1024	100	1	ParquetReaderOnlyScan/ZSTD/real_time	b47ed98fcfd3-dirty	1000000	4255065.0	8.693	8.768	8.547	1.0	23052288.0	3429184.0	0.0	NA	255557.0
default	narrow-int	1024	100	4	ReaderOnlyScan/real_time	b47ed98fcfd3-dirty	1000000	4363846.0	13.99	14.091	13.833	0.67	8077312.0	266240.0	0.0	2656320.0	NA
default	narrow-int	1024	100	4	BoundedParallelReaderScan/4/real_time	b47ed98fcfd3-dirty	1000000	4363846.0	9.414	9.531	9.259	1.05	12369920.0	366080.0	0.0	2656320.0	NA
default	narrow-int	1024	100	4	ParquetReaderOnlyScan/Uncompressed/real_time	b47ed98fcfd3-dirty	1000000	13661310.0	35.796	37.326	35.163	2.34	23052288.0	3686848.0	0.0	NA	3498924.0
default	narrow-int	1024	100	4	ParquetReaderOnlyScan/ZSTD/real_time	b47ed98fcfd3-dirty	1000000	4255065.0	31.71	32.293	31.217	1.29	26673152.0	3686848.0	0.0	NA	1031481.0
default	narrow-int	8192	1	1	ReaderOnlyScan/real_time	b47ed98fcfd3-dirty	1000000	4202318.0	0.077	0.078	0.077	0.31	6635520.0	109888.0	120.0	24072.0	NA
default	narrow-int	8192	1	1	BoundedParallelReaderScan/4/real_time	b47ed98fcfd3-dirty	1000000	4202318.0	0.136	0.141	0.134	2.06	7749632.0	146880.0	120.0	24072.0	NA
default	narrow-int	8192	1	1	ParquetReaderOnlyScan/Uncompressed/real_time	b47ed98fcfd3-dirty	1000000	12660951.0	0.205	0.206	0.203	0.73	10108928.0	224896.0	120.0	NA	91425.0
default	narrow-int	8192	1	1	ParquetReaderOnlyScan/ZSTD/real_time	b47ed98fcfd3-dirty	1000000	2928107.0	0.264	0.265	0.255	1.43	10469376.0	233280.0	120.0	NA	22709.0
default	narrow-int	8192	1	4	ReaderOnlyScan/real_time	b47ed98fcfd3-dirty	1000000	4202318.0	0.166	0.167	0.165	0.58	7127040.0	439552.0	120.0	56232.0	NA
default	narrow-int	8192	1	4	BoundedParallelReaderScan/4/real_time	b47ed98fcfd3-dirty	1000000	4202318.0	0.194	0.198	0.188	1.64	8273920.0	458496.0	120.0	56232.0	NA
default	narrow-int	8192	1	4	ParquetReaderOnlyScan/Uncompressed/real_time	b47ed98fcfd3-dirty	1000000	12660951.0	0.436	0.44	0.432	0.68	10502144.0	458496.0	120.0	NA	128973.0
default	narrow-int	8192	1	4	ParquetReaderOnlyScan/ZSTD/real_time	b47ed98fcfd3-dirty	1000000	2928107.0	0.532	0.535	0.529	0.47	10698752.0	458496.0	120.0	NA	26312.0
default	narrow-int	8192	10	1	ReaderOnlyScan/real_time	b47ed98fcfd3-dirty	1000000	4202318.0	0.305	0.306	0.304	0.28	6799360.0	166400.0	109.0	80832.0	NA
default	narrow-int	8192	10	1	BoundedParallelReaderScan/4/real_time	b47ed98fcfd3-dirty	1000000	4202318.0	0.231	0.238	0.23	1.5	8732672.0	366080.0	109.0	80832.0	NA
default	narrow-int	8192	10	1	ParquetReaderOnlyScan/Uncompressed/real_time	b47ed98fcfd3-dirty	1000000	12660951.0	0.708	0.717	0.693	1.12	11091968.0	366080.0	109.0	NA	157085.0
default	narrow-int	8192	10	1	ParquetReaderOnlyScan/ZSTD/real_time	b47ed98fcfd3-dirty	1000000	2928107.0	0.799	0.82	0.795	1.34	11272192.0	366080.0	109.0	NA	26735.0
default	narrow-int	8192	10	4	ReaderOnlyScan/real_time	b47ed98fcfd3-dirty	1000000	4202318.0	1.053	1.074	1.044	1.21	7520256.0	665600.0	109.0	283272.0	NA
default	narrow-int	8192	10	4	BoundedParallelReaderScan/4/real_time	b47ed98fcfd3-dirty	1000000	4202318.0	0.453	0.457	0.449	0.69	11583488.0	1464320.0	109.0	283272.0	NA
default	narrow-int	8192	10	4	ParquetReaderOnlyScan/Uncompressed/real_time	b47ed98fcfd3-dirty	1000000	12660951.0	2.092	2.097	2.075	0.36	13762560.0	1464320.0	109.0	NA	391613.0
default	narrow-int	8192	10	4	ParquetReaderOnlyScan/ZSTD/real_time	b47ed98fcfd3-dirty	1000000	2928107.0	2.298	2.312	2.284	0.43	14188544.0	1464320.0	109.0	NA	42520.0
default	narrow-int	8192	50	1	ReaderOnlyScan/real_time	b47ed98fcfd3-dirty	1000000	4202318.0	1.366	1.382	1.361	0.63	6815744.0	166400.0	61.0	328512.0	NA
default	narrow-int	8192	50	1	BoundedParallelReaderScan/4/real_time	b47ed98fcfd3-dirty	1000000	4202318.0	0.682	0.774	0.675	6.88	8273920.0	366080.0	61.0	328512.0	NA
default	narrow-int	8192	50	1	ParquetReaderOnlyScan/Uncompressed/real_time	b47ed98fcfd3-dirty	1000000	12660951.0	2.937	2.973	2.895	0.97	10764288.0	402624.0	61.0	NA	443609.0
default	narrow-int	8192	50	1	ParquetReaderOnlyScan/ZSTD/real_time	b47ed98fcfd3-dirty	1000000	2928107.0	3.125	3.17	3.103	0.88	11059200.0	402624.0	61.0	NA	45143.0
default	narrow-int	8192	50	4	ReaderOnlyScan/real_time	b47ed98fcfd3-dirty	1000000	4202318.0	5.099	5.13	5.079	0.38	7913472.0	665600.0	61.0	1273992.0	NA
default	narrow-int	8192	50	4	BoundedParallelReaderScan/4/real_time	b47ed98fcfd3-dirty	1000000	4202318.0	1.748	1.758	1.741	0.37	11419648.0	1464320.0	61.0	1273992.0	NA
default	narrow-int	8192	50	4	ParquetReaderOnlyScan/Uncompressed/real_time	b47ed98fcfd3-dirty	1000000	12660951.0	9.377	9.389	9.261	0.51	13746176.0	1609600.0	61.0	NA	1537709.0
default	narrow-int	8192	50	4	ParquetReaderOnlyScan/ZSTD/real_time	b47ed98fcfd3-dirty	1000000	2928107.0	10.439	10.672	10.081	2.5	13959168.0	1609600.0	61.0	NA	116607.0
default	narrow-int	8192	100	1	ReaderOnlyScan/real_time	b47ed98fcfd3-dirty	1000000	4202318.0	2.41	2.467	2.405	1.24	6504448.0	66560.0	0.0	629920.0	NA
default	narrow-int	8192	100	1	BoundedParallelReaderScan/4/real_time	b47ed98fcfd3-dirty	1000000	4202318.0	1.067	1.115	1.035	2.87	7929856.0	266240.0	0.0	629920.0	NA
default	narrow-int	8192	100	1	ParquetReaderOnlyScan/Uncompressed/real_time	b47ed98fcfd3-dirty	1000000	12660951.0	5.644	5.742	5.621	0.89	10895360.0	775616.0	0.0	NA	728824.0
default	narrow-int	8192	100	1	ParquetReaderOnlyScan/ZSTD/real_time	b47ed98fcfd3-dirty	1000000	2928107.0	5.93	5.974	5.896	0.45	11141120.0	775616.0	0.0	NA	46727.0
default	narrow-int	8192	100	4	ReaderOnlyScan/real_time	b47ed98fcfd3-dirty	1000000	4202318.0	9.465	9.827	9.237	2.43	6651904.0	266240.0	0.0	2519680.0	NA
default	narrow-int	8192	100	4	BoundedParallelReaderScan/4/real_time	b47ed98fcfd3-dirty	1000000	4202318.0	3.326	3.405	2.988	5.36	9207808.0	1064960.0	0.0	2519680.0	NA
default	narrow-int	8192	100	4	ParquetReaderOnlyScan/Uncompressed/real_time	b47ed98fcfd3-dirty	1000000	12660951.0	18.459	18.51	18.383	0.26	13893632.0	3092992.0	0.0	NA	2915296.0
default	narrow-int	8192	100	4	ParquetReaderOnlyScan/ZSTD/real_time	b47ed98fcfd3-dirty	1000000	2928107.0	19.951	20.535	19.857	1.4	14352384.0	3092992.0	0.0	NA	188075.0
default	narrow-int	65536	1	1	ReaderOnlyScan/real_time	b47ed98fcfd3-dirty	1000000	4508218.0	0.107	0.112	0.106	2.32	6504448.0	216960.0	15.0	42480.0	NA
default	narrow-int	65536	1	1	BoundedParallelReaderScan/4/real_time	b47ed98fcfd3-dirty	1000000	4508218.0	0.158	0.16	0.155	1.3	7045120.0	216960.0	15.0	42480.0	NA
default	narrow-int	65536	1	1	ParquetReaderOnlyScan/Uncompressed/real_time	b47ed98fcfd3-dirty	1000000	12836080.0	0.132	0.134	0.13	1.31	8798208.0	389888.0	15.0	NA	179737.0
default	narrow-int	65536	1	1	ParquetReaderOnlyScan/ZSTD/real_time	b47ed98fcfd3-dirty	1000000	3021716.0	0.252	0.254	0.251	0.42	9240576.0	406720.0	15.0	NA	48883.0
default	narrow-int	65536	1	4	ReaderOnlyScan/real_time	b47ed98fcfd3-dirty	1000000	4508218.0	0.194	0.195	0.193	0.26	6668288.0	460800.0	15.0	74400.0	NA
default	narrow-int	65536	1	4	BoundedParallelReaderScan/4/real_time	b47ed98fcfd3-dirty	1000000	4508218.0	0.243	0.251	0.241	1.91	7159808.0	460800.0	15.0	74400.0	NA
default	narrow-int	65536	1	4	ParquetReaderOnlyScan/Uncompressed/real_time	b47ed98fcfd3-dirty	1000000	12836080.0	0.348	0.354	0.341	1.42	9060352.0	551232.0	15.0	NA	216274.0
default	narrow-int	65536	1	4	ParquetReaderOnlyScan/ZSTD/real_time	b47ed98fcfd3-dirty	1000000	3021716.0	0.487	0.489	0.483	0.56	9420800.0	569600.0	15.0	NA	50867.0
default	narrow-int	65536	10	1	ReaderOnlyScan/real_time	b47ed98fcfd3-dirty	1000000	4508218.0	0.513	0.52	0.504	1.08	7110656.0	708032.0	13.0	223752.0	NA
default	narrow-int	65536	10	1	BoundedParallelReaderScan/4/real_time	b47ed98fcfd3-dirty	1000000	4508218.0	0.397	0.403	0.391	1.26	9191424.0	1336896.0	13.0	223752.0	NA
default	narrow-int	65536	10	1	ParquetReaderOnlyScan/Uncompressed/real_time	b47ed98fcfd3-dirty	1000000	12836080.0	0.814	0.825	0.807	0.84	12124160.0	1339968.0	13.0	NA	758565.0
default	narrow-int	65536	10	1	ParquetReaderOnlyScan/ZSTD/real_time	b47ed98fcfd3-dirty	1000000	3021716.0	1.294	1.302	1.287	0.5	12845056.0	1370688.0	13.0	NA	195005.0
default	narrow-int	65536	10	4	ReaderOnlyScan/real_time	b47ed98fcfd3-dirty	1000000	4508218.0	1.255	1.262	1.251	0.34	9388032.0	2832128.0	13.0	501672.0	NA
default	narrow-int	65536	10	4	BoundedParallelReaderScan/4/real_time	b47ed98fcfd3-dirty	1000000	4508218.0	0.691	0.694	0.688	0.31	11993088.0	3774720.0	13.0	501672.0	NA
default	narrow-int	65536	10	4	ParquetReaderOnlyScan/Uncompressed/real_time	b47ed98fcfd3-dirty	1000000	12836080.0	2.741	2.761	2.716	0.61	13746176.0	3774720.0	13.0	NA	1074942.0
default	narrow-int	65536	10	4	ParquetReaderOnlyScan/ZSTD/real_time	b47ed98fcfd3-dirty	1000000	3021716.0	3.363	3.38	3.352	0.32	13959168.0	3774720.0	13.0	NA	210557.0
default	narrow-int	65536	50	1	ReaderOnlyScan/real_time	b47ed98fcfd3-dirty	1000000	4508218.0	1.437	1.447	1.423	0.54	7995392.0	1098240.0	7.0	469752.0	NA
default	narrow-int	65536	50	1	BoundedParallelReaderScan/4/real_time	b47ed98fcfd3-dirty	1000000	4508218.0	0.644	0.655	0.642	0.9	12402688.0	2695680.0	7.0	469752.0	NA
default	narrow-int	65536	50	1	ParquetReaderOnlyScan/Uncompressed/real_time	b47ed98fcfd3-dirty	1000000	12836080.0	2.606	2.613	2.581	0.52	14450688.0	2695680.0	7.0	NA	1038412.0
default	narrow-int	65536	50	1	ParquetReaderOnlyScan/ZSTD/real_time	b47ed98fcfd3-dirty	1000000	3021716.0	3.173	3.207	3.168	0.53	14827520.0	2695680.0	7.0	NA	203459.0
default	narrow-int	65536	50	4	ReaderOnlyScan/real_time	b47ed98fcfd3-dirty	1000000	4508218.0	4.879	4.921	4.842	0.61	12206080.0	4392960.0	7.0	1485672.0	NA
default	narrow-int	65536	50	4	BoundedParallelReaderScan/4/real_time	b47ed98fcfd3-dirty	1000000	4508218.0	1.547	1.595	1.533	1.65	23822336.0	10782720.0	7.0	1485672.0	NA
default	narrow-int	65536	50	4	ParquetReaderOnlyScan/Uncompressed/real_time	b47ed98fcfd3-dirty	1000000	12836080.0	9.61	9.639	9.534	0.37	26476544.0	10782720.0	7.0	NA	2194330.0
default	narrow-int	65536	50	4	ParquetReaderOnlyScan/ZSTD/real_time	b47ed98fcfd3-dirty	1000000	3021716.0	10.614	10.71	10.595	0.47	26640384.0	10782720.0	7.0	NA	244430.0
default	narrow-int	65536	100	1	ReaderOnlyScan/real_time	b47ed98fcfd3-dirty	1000000	4508218.0	2.296	2.304	2.272	0.52	7176192.0	532480.0	0.0	625640.0	NA
default	narrow-int	65536	100	1	BoundedParallelReaderScan/4/real_time	b47ed98fcfd3-dirty	1000000	4508218.0	0.77	0.775	0.763	0.64	11206656.0	2129920.0	0.0	625640.0	NA
default	narrow-int	65536	100	1	ParquetReaderOnlyScan/Uncompressed/real_time	b47ed98fcfd3-dirty	1000000	12836080.0	4.588	4.642	4.53	0.87	13238272.0	2129920.0	0.0	NA	711795.0
default	narrow-int	65536	100	1	ParquetReaderOnlyScan/ZSTD/real_time	b47ed98fcfd3-dirty	1000000	3021716.0	4.794	4.823	4.768	0.47	13451264.0	2129920.0	0.0	NA	25208.0
default	narrow-int	65536	100	4	ReaderOnlyScan/real_time	b47ed98fcfd3-dirty	1000000	4508218.0	9.004	9.061	8.934	0.6	9076736.0	2129920.0	0.0	2502560.0	NA
default	narrow-int	65536	100	4	BoundedParallelReaderScan/4/real_time	b47ed98fcfd3-dirty	1000000	4508218.0	2.722	2.753	2.689	0.89	20070400.0	8519680.0	0.0	2502560.0	NA
default	narrow-int	65536	100	4	ParquetReaderOnlyScan/Uncompressed/real_time	b47ed98fcfd3-dirty	1000000	12836080.0	17.469	17.59	17.347	0.54	22265856.0	8519680.0	0.0	NA	2847180.0
default	narrow-int	65536	100	4	ParquetReaderOnlyScan/ZSTD/real_time	b47ed98fcfd3-dirty	1000000	3021716.0	18.527	18.611	18.448	0.33	22511616.0	8519680.0	0.0	NA	100983.0
default	narrow-int	262144	1	1	ReaderOnlyScan/real_time	b47ed98fcfd3-dirty	1000000	4752802.0	0.936	0.945	0.931	0.59	8486912.0	1789824.0	3.0	614088.0	NA
default	narrow-int	262144	1	1	BoundedParallelReaderScan/4/real_time	b47ed98fcfd3-dirty	1000000	4752802.0	0.968	0.973	0.959	0.52	8978432.0	1789824.0	3.0	614088.0	NA
default	narrow-int	262144	1	1	ParquetReaderOnlyScan/Uncompressed/real_time	b47ed98fcfd3-dirty	1000000	11937702.0	1.28	1.308	1.272	1.11	13811712.0	3297088.0	3.0	NA	2131071.0
default	narrow-int	262144	1	1	ParquetReaderOnlyScan/ZSTD/real_time	b47ed98fcfd3-dirty	1000000	2152951.0	2.637	2.646	2.618	0.4	14237696.0	3297088.0	3.0	NA	479462.0
default	narrow-int	262144	1	4	ReaderOnlyScan/real_time	b47ed98fcfd3-dirty	1000000	4752802.0	1.162	1.174	1.156	0.58	8732672.0	2033664.0	3.0	1014648.0	NA
default	narrow-int	262144	1	4	BoundedParallelReaderScan/4/real_time	b47ed98fcfd3-dirty	1000000	4752802.0	1.234	1.242	1.227	0.46	9240576.0	2033664.0	3.0	1014648.0	NA
default	narrow-int	262144	1	4	ParquetReaderOnlyScan/Uncompressed/real_time	b47ed98fcfd3-dirty	1000000	11937702.0	4.101	4.149	4.06	0.77	14286848.0	3901312.0	3.0	NA	2585919.0
default	narrow-int	262144	1	4	ParquetReaderOnlyScan/ZSTD/real_time	b47ed98fcfd3-dirty	1000000	2152951.0	5.611	5.65	5.577	0.47	14499840.0	3901312.0	3.0	NA	491271.0
default	narrow-int	262144	10	1	ReaderOnlyScan/real_time	b47ed98fcfd3-dirty	1000000	4752802.0	1.205	1.259	1.198	2.2	9551872.0	2521088.0	3.0	614088.0	NA
default	narrow-int	262144	10	1	BoundedParallelReaderScan/4/real_time	b47ed98fcfd3-dirty	1000000	4752802.0	1.27	1.287	1.258	0.91	9977856.0	2521088.0	3.0	614088.0	NA
default	narrow-int	262144	10	1	ParquetReaderOnlyScan/Uncompressed/real_time	b47ed98fcfd3-dirty	1000000	11937702.0	1.275	1.282	1.263	0.54	12763136.0	3297088.0	3.0	NA	2131071.0
default	narrow-int	262144	10	1	ParquetReaderOnlyScan/ZSTD/real_time	b47ed98fcfd3-dirty	1000000	2152951.0	2.62	2.651	2.612	0.62	13008896.0	3297088.0	3.0	NA	479462.0
default	narrow-int	262144	10	4	ReaderOnlyScan/real_time	b47ed98fcfd3-dirty	1000000	4752802.0	2.066	2.085	2.054	0.59	11993088.0	4958720.0	3.0	1014648.0	NA
default	narrow-int	262144	10	4	BoundedParallelReaderScan/4/real_time	b47ed98fcfd3-dirty	1000000	4752802.0	2.121	2.131	2.118	0.26	13205504.0	4958720.0	3.0	1014648.0	NA
default	narrow-int	262144	10	4	ParquetReaderOnlyScan/Uncompressed/real_time	b47ed98fcfd3-dirty	1000000	11937702.0	4.107	4.127	4.066	0.56	14827520.0	4958720.0	3.0	NA	2585919.0
default	narrow-int	262144	10	4	ParquetReaderOnlyScan/ZSTD/real_time	b47ed98fcfd3-dirty	1000000	2152951.0	5.604	5.628	5.584	0.3	15024128.0	4958720.0	3.0	NA	491271.0
default	narrow-int	262144	50	1	ReaderOnlyScan/real_time	b47ed98fcfd3-dirty	1000000	4752802.0	2.217	2.23	2.198	0.49	11091968.0	3898496.0	1.0	1051144.0	NA
default	narrow-int	262144	50	1	BoundedParallelReaderScan/4/real_time	b47ed98fcfd3-dirty	1000000	4752802.0	1.264	1.272	1.256	0.46	16777216.0	6159744.0	1.0	1051144.0	NA
default	narrow-int	262144	50	1	ParquetReaderOnlyScan/Uncompressed/real_time	b47ed98fcfd3-dirty	1000000	11937702.0	3.672	3.702	3.644	0.61	18825216.0	6159744.0	1.0	NA	2891878.0
default	narrow-int	262144	50	1	ParquetReaderOnlyScan/ZSTD/real_time	b47ed98fcfd3-dirty	1000000	2152951.0	5.6	5.697	5.479	1.33	19070976.0	6159744.0	1.0	NA	540621.0
default	narrow-int	262144	50	4	ReaderOnlyScan/real_time	b47ed98fcfd3-dirty	1000000	4752802.0	5.891	6.12	5.779	2.2	25427968.0	15593984.0	1.0	2434984.0	NA
default	narrow-int	262144	50	4	BoundedParallelReaderScan/4/real_time	b47ed98fcfd3-dirty	1000000	4752802.0	3.627	3.679	3.607	0.78	28213248.0	15593984.0	1.0	2434984.0	NA
default	narrow-int	262144	50	4	ParquetReaderOnlyScan/Uncompressed/real_time	b47ed98fcfd3-dirty	1000000	11937702.0	13.408	13.586	13.321	0.76	29949952.0	15593984.0	1.0	NA	4463182.0
default	narrow-int	262144	50	4	ParquetReaderOnlyScan/ZSTD/real_time	b47ed98fcfd3-dirty	1000000	2152951.0	15.793	16.31	15.653	1.72	30752768.0	15593984.0	1.0	NA	587566.0
default	narrow-int	262144	100	1	ReaderOnlyScan/real_time	b47ed98fcfd3-dirty	1000000	4752802.0	2.275	2.293	2.263	0.5	10534912.0	2129920.0	0.0	625160.0	NA
default	narrow-int	262144	100	1	BoundedParallelReaderScan/4/real_time	b47ed98fcfd3-dirty	1000000	4752802.0	0.746	0.756	0.727	1.46	18661376.0	8125056.0	0.0	625160.0	NA
default	narrow-int	262144	100	1	ParquetReaderOnlyScan/Uncompressed/real_time	b47ed98fcfd3-dirty	1000000	11937702.0	4.447	4.609	4.39	2.09	20267008.0	8125056.0	0.0	NA	709845.0
default	narrow-int	262144	100	1	ParquetReaderOnlyScan/ZSTD/real_time	b47ed98fcfd3-dirty	1000000	2152951.0	4.673	4.709	4.655	0.45	20480000.0	8125056.0	0.0	NA	21889.0
default	narrow-int	262144	100	4	ReaderOnlyScan/real_time	b47ed98fcfd3-dirty	1000000	4752802.0	8.981	9.023	8.914	0.42	17547264.0	8519680.0	0.0	2500640.0	NA
default	narrow-int	262144	100	4	BoundedParallelReaderScan/4/real_time	b47ed98fcfd3-dirty	1000000	4752802.0	4.894	4.915	4.88	0.26	28098560.0	17039360.0	0.0	2500640.0	NA
default	narrow-int	262144	100	4	ParquetReaderOnlyScan/Uncompressed/real_time	b47ed98fcfd3-dirty	1000000	11937702.0	17.758	17.932	17.473	0.93	29523968.0	17039360.0	0.0	NA	2839380.0
default	narrow-int	262144	100	4	ParquetReaderOnlyScan/ZSTD/real_time	b47ed98fcfd3-dirty	1000000	2152951.0	18.62	18.766	18.471	0.55	29720576.0	17039360.0	0.0	NA	87594.0
macOS_F_NOCACHE	legacy-int	1024	1	1	ReaderOnlyScan/real_time	b47ed98fcfd3-dirty	1000000	7488774.0	0.356	0.373	0.338	3.6	7995392.0	73728.0	966.0	15280.0	NA
macOS_F_NOCACHE	legacy-int	1024	1	1	BoundedParallelReaderScan/4/real_time	b47ed98fcfd3-dirty	1000000	7488774.0	0.457	0.463	0.45	0.93	11403264.0	91776.0	966.0	15280.0	NA
macOS_F_NOCACHE	legacy-int	1024	1	1	ParquetReaderOnlyScan/Uncompressed/real_time	b47ed98fcfd3-dirty	1000000	47284424.0	0.708	0.721	0.698	1.32	18595840.0	670208.0	966.0	NA	110033.0
macOS_F_NOCACHE	legacy-int	1024	1	1	ParquetReaderOnlyScan/ZSTD/real_time	b47ed98fcfd3-dirty	1000000	12486326.0	0.829	0.869	0.785	3.77	18989056.0	670208.0	966.0	NA	27965.0
macOS_F_NOCACHE	legacy-int	1024	1	4	ReaderOnlyScan/real_time	b47ed98fcfd3-dirty	1000000	7488774.0	1.019	1.044	0.998	1.53	8355840.0	294912.0	966.0	63848.0	NA
macOS_F_NOCACHE	legacy-int	1024	1	4	BoundedParallelReaderScan/4/real_time	b47ed98fcfd3-dirty	1000000	7488774.0	0.9	0.926	0.887	1.7	12140544.0	358912.0	966.0	63848.0	NA
macOS_F_NOCACHE	legacy-int	1024	1	4	ParquetReaderOnlyScan/Uncompressed/real_time	b47ed98fcfd3-dirty	1000000	47284424.0	0.849	0.859	0.837	0.95	19349504.0	670208.0	966.0	NA	411587.0
macOS_F_NOCACHE	legacy-int	1024	1	4	ParquetReaderOnlyScan/ZSTD/real_time	b47ed98fcfd3-dirty	1000000	12486326.0	1.11	1.125	1.088	1.23	19628032.0	670208.0	966.0	NA	103270.0
macOS_F_NOCACHE	legacy-int	1024	10	1	ReaderOnlyScan/real_time	b47ed98fcfd3-dirty	1000000	7488774.0	2.054	2.167	1.974	3.7	7979008.0	73728.0	878.0	131440.0	NA
macOS_F_NOCACHE	legacy-int	1024	10	1	BoundedParallelReaderScan/4/real_time	b47ed98fcfd3-dirty	1000000	7488774.0	1.499	1.518	1.482	1.0	11534336.0	98304.0	878.0	131440.0	NA
macOS_F_NOCACHE	legacy-int	1024	10	1	ParquetReaderOnlyScan/Uncompressed/real_time	b47ed98fcfd3-dirty	1000000	47284424.0	1.62	1.663	1.597	1.54	19693568.0	956480.0	878.0	NA	947353.0
macOS_F_NOCACHE	legacy-int	1024	10	1	ParquetReaderOnlyScan/ZSTD/real_time	b47ed98fcfd3-dirty	1000000	12486326.0	2.29	2.43	2.185	4.0	20234240.0	956480.0	878.0	NA	240485.0
macOS_F_NOCACHE	legacy-int	1024	10	4	ReaderOnlyScan/real_time	b47ed98fcfd3-dirty	1000000	7488774.0	8.008	8.541	7.573	4.41	8306688.0	294912.0	878.0	584808.0	NA
macOS_F_NOCACHE	legacy-int	1024	10	4	BoundedParallelReaderScan/4/real_time	b47ed98fcfd3-dirty	1000000	7488774.0	4.843	5.14	4.734	3.43	12124160.0	393216.0	878.0	584808.0	NA
macOS_F_NOCACHE	legacy-int	1024	10	4	ParquetReaderOnlyScan/Uncompressed/real_time	b47ed98fcfd3-dirty	1000000	47284424.0	2.959	3.081	2.942	2.1	22134784.0	3868160.0	878.0	NA	3760867.0
macOS_F_NOCACHE	legacy-int	1024	10	4	ParquetReaderOnlyScan/ZSTD/real_time	b47ed98fcfd3-dirty	1000000	12486326.0	5.173	5.206	5.144	0.51	22380544.0	3868160.0	878.0	NA	942014.0
macOS_F_NOCACHE	legacy-int	1024	50	1	ReaderOnlyScan/real_time	b47ed98fcfd3-dirty	1000000	7488774.0	11.636	11.912	10.944	3.33	7913472.0	73728.0	488.0	646240.0	NA
macOS_F_NOCACHE	legacy-int	1024	50	1	BoundedParallelReaderScan/4/real_time	b47ed98fcfd3-dirty	1000000	7488774.0	7.732	7.962	7.581	1.77	11403264.0	98304.0	488.0	646240.0	NA
macOS_F_NOCACHE	legacy-int	1024	50	1	ParquetReaderOnlyScan/Uncompressed/real_time	b47ed98fcfd3-dirty	1000000	47284424.0	6.122	6.327	5.982	2.18	23363584.0	4690432.0	488.0	NA	4658203.0
macOS_F_NOCACHE	legacy-int	1024	50	1	ParquetReaderOnlyScan/ZSTD/real_time	b47ed98fcfd3-dirty	1000000	12486326.0	9.851	10.445	9.187	5.0	23609344.0	4690432.0	488.0	NA	1182335.0
macOS_F_NOCACHE	legacy-int	1024	50	4	ReaderOnlyScan/real_time	b47ed98fcfd3-dirty	1000000	7488774.0	39.628	41.335	38.607	2.46	8192000.0	294912.0	488.0	2893608.0	NA
macOS_F_NOCACHE	legacy-int	1024	50	4	BoundedParallelReaderScan/4/real_time	b47ed98fcfd3-dirty	1000000	7488774.0	23.094	23.741	22.57	2.08	12058624.0	393216.0	488.0	2893608.0	NA
macOS_F_NOCACHE	legacy-int	1024	50	4	ParquetReaderOnlyScan/Uncompressed/real_time	b47ed98fcfd3-dirty	1000000	47284424.0	13.086	15.469	12.356	10.75	38567936.0	18735744.0	488.0	NA	18604267.0
macOS_F_NOCACHE	legacy-int	1024	50	4	ParquetReaderOnlyScan/ZSTD/real_time	b47ed98fcfd3-dirty	1000000	12486326.0	23.315	23.755	23.241	0.95	39206912.0	18735744.0	488.0	NA	4659370.0
macOS_F_NOCACHE	legacy-int	1024	100	1	ReaderOnlyScan/real_time	b47ed98fcfd3-dirty	1000000	7488774.0	22.358	22.995	21.253	2.69	7766016.0	65536.0	0.0	1289080.0	NA
macOS_F_NOCACHE	legacy-int	1024	100	1	BoundedParallelReaderScan/4/real_time	b47ed98fcfd3-dirty	1000000	7488774.0	15.027	15.394	14.575	2.0	11321344.0	90112.0	0.0	1289080.0	NA
macOS_F_NOCACHE	legacy-int	1024	100	1	ParquetReaderOnlyScan/Uncompressed/real_time	b47ed98fcfd3-dirty	1000000	47284424.0	12.238	14.857	10.644	13.66	28278784.0	9348160.0	0.0	NA	9292008.0
macOS_F_NOCACHE	legacy-int	1024	100	1	ParquetReaderOnlyScan/ZSTD/real_time	b47ed98fcfd3-dirty	1000000	12486326.0	19.572	21.104	18.219	5.67	28704768.0	9348160.0	0.0	NA	2358740.0
macOS_F_NOCACHE	legacy-int	1024	100	4	ReaderOnlyScan/real_time	b47ed98fcfd3-dirty	1000000	7488774.0	89.295	92.036	79.256	4.95	8011776.0	262144.0	0.0	5781248.0	NA
macOS_F_NOCACHE	legacy-int	1024	100	4	BoundedParallelReaderScan/4/real_time	b47ed98fcfd3-dirty	1000000	7488774.0	46.439	46.788	45.927	0.71	11763712.0	360448.0	0.0	5781248.0	NA
macOS_F_NOCACHE	legacy-int	1024	100	4	ParquetReaderOnlyScan/Uncompressed/real_time	b47ed98fcfd3-dirty	1000000	47284424.0	25.086	29.681	24.599	8.62	79380480.0	37356864.0	0.0	NA	37168032.0
macOS_F_NOCACHE	legacy-int	1024	100	4	ParquetReaderOnlyScan/ZSTD/real_time	b47ed98fcfd3-dirty	1000000	12486326.0	46.264	46.729	46.038	0.63	80379904.0	37356864.0	0.0	NA	9309141.0
macOS_F_NOCACHE	legacy-int	8192	1	1	ReaderOnlyScan/real_time	b47ed98fcfd3-dirty	1000000	8826382.0	0.203	0.208	0.199	1.52	6586368.0	108160.0	120.0	40816.0	NA
macOS_F_NOCACHE	legacy-int	8192	1	1	BoundedParallelReaderScan/4/real_time	b47ed98fcfd3-dirty	1000000	8826382.0	0.183	0.184	0.181	0.58	7553024.0	141120.0	120.0	40816.0	NA
macOS_F_NOCACHE	legacy-int	8192	1	1	ParquetReaderOnlyScan/Uncompressed/real_time	b47ed98fcfd3-dirty	1000000	48267444.0	0.163	0.166	0.16	1.57	9732096.0	354496.0	120.0	NA	242095.0
macOS_F_NOCACHE	legacy-int	8192	1	1	ParquetReaderOnlyScan/ZSTD/real_time	b47ed98fcfd3-dirty	1000000	13079943.0	0.333	0.334	0.33	0.39	10469376.0	370816.0	120.0	NA	65954.0
macOS_F_NOCACHE	legacy-int	8192	1	4	ReaderOnlyScan/real_time	b47ed98fcfd3-dirty	1000000	8826382.0	0.558	0.577	0.539	2.41	7110656.0	432640.0	120.0	133736.0	NA
macOS_F_NOCACHE	legacy-int	8192	1	4	BoundedParallelReaderScan/4/real_time	b47ed98fcfd3-dirty	1000000	8826382.0	0.362	0.362	0.359	0.33	8175616.0	446464.0	120.0	133736.0	NA
macOS_F_NOCACHE	legacy-int	8192	1	4	ParquetReaderOnlyScan/Uncompressed/real_time	b47ed98fcfd3-dirty	1000000	48267444.0	0.28	0.282	0.274	0.91	11075584.0	886144.0	120.0	NA	731653.0
macOS_F_NOCACHE	legacy-int	8192	1	4	ParquetReaderOnlyScan/ZSTD/real_time	b47ed98fcfd3-dirty	1000000	13079943.0	0.821	0.827	0.804	1.1	11943936.0	925568.0	120.0	NA	196564.0
macOS_F_NOCACHE	legacy-int	8192	10	1	ReaderOnlyScan/real_time	b47ed98fcfd3-dirty	1000000	8826382.0	0.609	0.615	0.6	0.92	6651904.0	163840.0	109.0	187688.0	NA
macOS_F_NOCACHE	legacy-int	8192	10	1	BoundedParallelReaderScan/4/real_time	b47ed98fcfd3-dirty	1000000	8826382.0	0.364	0.37	0.36	1.04	7864320.0	360448.0	109.0	187688.0	NA
macOS_F_NOCACHE	legacy-int	8192	10	1	ParquetReaderOnlyScan/Uncompressed/real_time	b47ed98fcfd3-dirty	1000000	48267444.0	0.441	0.444	0.428	1.34	11501568.0	1045312.0	109.0	NA	1110094.0
macOS_F_NOCACHE	legacy-int	8192	10	1	ParquetReaderOnlyScan/ZSTD/real_time	b47ed98fcfd3-dirty	1000000	13079943.0	1.213	1.221	1.205	0.49	11796480.0	1045312.0	109.0	NA	302652.0
macOS_F_NOCACHE	legacy-int	8192	10	4	ReaderOnlyScan/real_time	b47ed98fcfd3-dirty	1000000	8826382.0	2.285	2.344	2.199	2.63	7471104.0	655360.0	109.0	777544.0	NA
macOS_F_NOCACHE	legacy-int	8192	10	4	BoundedParallelReaderScan/4/real_time	b47ed98fcfd3-dirty	1000000	8826382.0	0.939	0.95	0.922	1.18	10158080.0	1441792.0	109.0	777544.0	NA
macOS_F_NOCACHE	legacy-int	8192	10	4	ParquetReaderOnlyScan/Uncompressed/real_time	b47ed98fcfd3-dirty	1000000	48267444.0	1.167	1.192	1.15	1.41	15450112.0	4207936.0	109.0	NA	4203649.0
macOS_F_NOCACHE	legacy-int	8192	10	4	ParquetReaderOnlyScan/ZSTD/real_time	b47ed98fcfd3-dirty	1000000	13079943.0	4.296	4.342	4.245	0.8	15630336.0	4207936.0	109.0	NA	1128945.0
macOS_F_NOCACHE	legacy-int	8192	50	1	ReaderOnlyScan/real_time	b47ed98fcfd3-dirty	1000000	8826382.0	5.909	5.956	5.831	0.84	6684672.0	163840.0	61.0	828584.0	NA
macOS_F_NOCACHE	legacy-int	8192	50	1	BoundedParallelReaderScan/4/real_time	b47ed98fcfd3-dirty	1000000	8826382.0	3.874	3.95	3.747	1.85	7913472.0	360448.0	61.0	828584.0	NA
macOS_F_NOCACHE	legacy-int	8192	50	1	ParquetReaderOnlyScan/Uncompressed/real_time	b47ed98fcfd3-dirty	1000000	48267444.0	1.68	1.689	1.651	0.81	15106048.0	4833088.0	61.0	NA	4897726.0
macOS_F_NOCACHE	legacy-int	8192	50	1	ParquetReaderOnlyScan/ZSTD/real_time	b47ed98fcfd3-dirty	1000000	13079943.0	5.075	5.136	5.033	0.75	15958016.0	4833088.0	61.0	NA	1335516.0
macOS_F_NOCACHE	legacy-int	8192	50	4	ReaderOnlyScan/real_time	b47ed98fcfd3-dirty	1000000	8826382.0	12.975	13.099	12.586	1.38	7520256.0	655360.0	61.0	3586888.0	NA
macOS_F_NOCACHE	legacy-int	8192	50	4	BoundedParallelReaderScan/4/real_time	b47ed98fcfd3-dirty	1000000	8826382.0	6.072	6.345	5.957	2.51	10059776.0	1441792.0	61.0	3586888.0	NA
macOS_F_NOCACHE	legacy-int	8192	50	4	ParquetReaderOnlyScan/Uncompressed/real_time	b47ed98fcfd3-dirty	1000000	48267444.0	5.611	5.753	5.454	1.84	30687232.0	19359040.0	61.0	NA	19354177.0
macOS_F_NOCACHE	legacy-int	8192	50	4	ParquetReaderOnlyScan/ZSTD/real_time	b47ed98fcfd3-dirty	1000000	13079943.0	19.303	19.799	19.167	1.4	31457280.0	19359040.0	61.0	NA	5197473.0
macOS_F_NOCACHE	legacy-int	8192	100	1	ReaderOnlyScan/real_time	b47ed98fcfd3-dirty	1000000	8826382.0	10.811	11.016	10.55	1.81	6291456.0	65536.0	0.0	1629704.0	NA
macOS_F_NOCACHE	legacy-int	8192	100	1	BoundedParallelReaderScan/4/real_time	b47ed98fcfd3-dirty	1000000	8826382.0	6.662	6.835	6.567	1.56	7602176.0	262144.0	0.0	1629704.0	NA
macOS_F_NOCACHE	legacy-int	8192	100	1	ParquetReaderOnlyScan/Uncompressed/real_time	b47ed98fcfd3-dirty	1000000	48267444.0	3.278	3.337	3.199	1.41	19775488.0	9725632.0	0.0	NA	9632266.0
macOS_F_NOCACHE	legacy-int	8192	100	1	ParquetReaderOnlyScan/ZSTD/real_time	b47ed98fcfd3-dirty	1000000	13079943.0	9.799	10.595	9.763	4.22	21381120.0	9725632.0	0.0	NA	2627205.0
macOS_F_NOCACHE	legacy-int	8192	100	4	ReaderOnlyScan/real_time	b47ed98fcfd3-dirty	1000000	8826382.0	23.599	23.869	23.499	0.68	6651904.0	262144.0	0.0	7143744.0	NA
macOS_F_NOCACHE	legacy-int	8192	100	4	BoundedParallelReaderScan/4/real_time	b47ed98fcfd3-dirty	1000000	8826382.0	10.982	11.174	10.812	1.22	8650752.0	1048576.0	0.0	7143744.0	NA
macOS_F_NOCACHE	legacy-int	8192	100	4	ParquetReaderOnlyScan/Uncompressed/real_time	b47ed98fcfd3-dirty	1000000	48267444.0	11.126	13.022	10.917	8.07	66682880.0	38929216.0	0.0	NA	38529064.0
macOS_F_NOCACHE	legacy-int	8192	100	4	ParquetReaderOnlyScan/ZSTD/real_time	b47ed98fcfd3-dirty	1000000	13079943.0	38.25	38.657	38.149	0.55	70074368.0	38929216.0	0.0	NA	10346740.0
macOS_F_NOCACHE	legacy-int	65536	1	1	ReaderOnlyScan/real_time	b47ed98fcfd3-dirty	1000000	10622618.0	0.153	0.157	0.152	1.15	6373376.0	216960.0	15.0	63680.0	NA
macOS_F_NOCACHE	legacy-int	65536	1	1	BoundedParallelReaderScan/4/real_time	b47ed98fcfd3-dirty	1000000	10622618.0	0.192	0.195	0.19	1.07	6864896.0	216960.0	15.0	63680.0	NA
macOS_F_NOCACHE	legacy-int	65536	1	1	ParquetReaderOnlyScan/Uncompressed/real_time	b47ed98fcfd3-dirty	1000000	49843287.0	0.093	0.093	0.091	0.96	8929280.0	672128.0	15.0	NA	335116.0
macOS_F_NOCACHE	legacy-int	65536	1	1	ParquetReaderOnlyScan/ZSTD/real_time	b47ed98fcfd3-dirty	1000000	14344963.0	0.322	0.325	0.315	1.28	9338880.0	704832.0	15.0	NA	96450.0
macOS_F_NOCACHE	legacy-int	65536	1	4	ReaderOnlyScan/real_time	b47ed98fcfd3-dirty	1000000	10622618.0	0.312	0.316	0.309	0.94	6635520.0	456960.0	15.0	167680.0	NA
macOS_F_NOCACHE	legacy-int	65536	1	4	BoundedParallelReaderScan/4/real_time	b47ed98fcfd3-dirty	1000000	10622618.0	0.355	0.36	0.351	0.97	7127040.0	456960.0	15.0	167680.0	NA
macOS_F_NOCACHE	legacy-int	65536	1	4	ParquetReaderOnlyScan/Uncompressed/real_time	b47ed98fcfd3-dirty	1000000	49843287.0	0.205	0.207	0.198	1.68	10076160.0	1680128.0	15.0	NA	837790.0
macOS_F_NOCACHE	legacy-int	65536	1	4	ParquetReaderOnlyScan/ZSTD/real_time	b47ed98fcfd3-dirty	1000000	14344963.0	0.78	0.782	0.775	0.3	10584064.0	1759232.0	15.0	NA	238502.0
macOS_F_NOCACHE	legacy-int	65536	10	1	ReaderOnlyScan/real_time	b47ed98fcfd3-dirty	1000000	10622618.0	0.913	0.933	0.902	1.32	7241728.0	697088.0	13.0	425176.0	NA
macOS_F_NOCACHE	legacy-int	65536	10	1	BoundedParallelReaderScan/4/real_time	b47ed98fcfd3-dirty	1000000	10622618.0	0.661	0.665	0.659	0.36	8994816.0	1326528.0	13.0	425176.0	NA
macOS_F_NOCACHE	legacy-int	65536	10	1	ParquetReaderOnlyScan/Uncompressed/real_time	b47ed98fcfd3-dirty	1000000	49843287.0	0.428	0.439	0.421	1.59	12304384.0	2420416.0	13.0	NA	2126876.0
macOS_F_NOCACHE	legacy-int	65536	10	1	ParquetReaderOnlyScan/ZSTD/real_time	b47ed98fcfd3-dirty	1000000	14344963.0	1.826	1.843	1.805	0.73	13352960.0	2542464.0	13.0	NA	617718.0
macOS_F_NOCACHE	legacy-int	65536	10	4	ReaderOnlyScan/real_time	b47ed98fcfd3-dirty	1000000	10622618.0	2.458	2.478	2.433	0.68	9404416.0	2788352.0	13.0	1397768.0	NA
macOS_F_NOCACHE	legacy-int	65536	10	4	BoundedParallelReaderScan/4/real_time	b47ed98fcfd3-dirty	1000000	10622618.0	1.337	1.367	1.331	1.17	12107776.0	3726528.0	13.0	1397768.0	NA
macOS_F_NOCACHE	legacy-int	65536	10	4	ParquetReaderOnlyScan/Uncompressed/real_time	b47ed98fcfd3-dirty	1000000	49843287.0	1.369	1.393	1.31	2.65	17793024.0	6050880.0	13.0	NA	6548186.0
macOS_F_NOCACHE	legacy-int	65536	10	4	ParquetReaderOnlyScan/ZSTD/real_time	b47ed98fcfd3-dirty	1000000	14344963.0	5.89	5.951	5.827	0.77	18497536.0	6345728.0	13.0	NA	1878272.0
macOS_F_NOCACHE	legacy-int	65536	50	1	ReaderOnlyScan/real_time	b47ed98fcfd3-dirty	1000000	10622618.0	2.438	2.449	2.416	0.56	7864320.0	1081344.0	7.0	1211848.0	NA
macOS_F_NOCACHE	legacy-int	65536	50	1	BoundedParallelReaderScan/4/real_time	b47ed98fcfd3-dirty	1000000	10622618.0	1.147	1.148	1.137	0.35	10600448.0	2654208.0	7.0	1211848.0	NA
macOS_F_NOCACHE	legacy-int	65536	50	1	ParquetReaderOnlyScan/Uncompressed/real_time	b47ed98fcfd3-dirty	1000000	49843287.0	1.209	1.229	1.2	0.96	15548416.0	5296576.0	7.0	NA	6045512.0
macOS_F_NOCACHE	legacy-int	65536	50	1	ParquetReaderOnlyScan/ZSTD/real_time	b47ed98fcfd3-dirty	1000000	14344963.0	5.151	5.197	5.085	0.84	16695296.0	5296576.0	7.0	NA	1756704.0
macOS_F_NOCACHE	legacy-int	65536	50	4	ReaderOnlyScan/real_time	b47ed98fcfd3-dirty	1000000	10622618.0	8.744	8.89	8.634	1.12	11665408.0	4325376.0	7.0	4790216.0	NA
macOS_F_NOCACHE	legacy-int	65536	50	4	BoundedParallelReaderScan/4/real_time	b47ed98fcfd3-dirty	1000000	10622618.0	2.999	3.016	2.946	0.84	20332544.0	9568256.0	7.0	4790216.0	NA
macOS_F_NOCACHE	legacy-int	65536	50	4	ParquetReaderOnlyScan/Uncompressed/real_time	b47ed98fcfd3-dirty	1000000	49843287.0	5.018	5.059	4.92	1.16	32800768.0	21185920.0	7.0	NA	22222730.0
macOS_F_NOCACHE	legacy-int	65536	50	4	ParquetReaderOnlyScan/ZSTD/real_time	b47ed98fcfd3-dirty	1000000	14344963.0	19.641	20.119	19.588	1.24	32997376.0	21185920.0	7.0	NA	6372764.0
macOS_F_NOCACHE	legacy-int	65536	100	1	ReaderOnlyScan/real_time	b47ed98fcfd3-dirty	1000000	10622618.0	3.816	3.877	3.744	1.21	6717440.0	524288.0	0.0	1998520.0	NA
macOS_F_NOCACHE	legacy-int	65536	100	1	BoundedParallelReaderScan/4/real_time	b47ed98fcfd3-dirty	1000000	10622618.0	1.259	1.282	1.244	1.22	9469952.0	2097152.0	0.0	1998520.0	NA
macOS_F_NOCACHE	legacy-int	65536	100	1	ParquetReaderOnlyScan/Uncompressed/real_time	b47ed98fcfd3-dirty	1000000	49843287.0	2.131	2.155	2.075	1.48	20873216.0	10521536.0	0.0	NA	9964148.0
macOS_F_NOCACHE	legacy-int	65536	100	1	ParquetReaderOnlyScan/ZSTD/real_time	b47ed98fcfd3-dirty	1000000	14344963.0	8.528	8.59	8.464	0.61	21086208.0	10521536.0	0.0	NA	2896355.0
macOS_F_NOCACHE	legacy-int	65536	100	4	ReaderOnlyScan/real_time	b47ed98fcfd3-dirty	1000000	10622618.0	15.529	15.829	15.33	1.26	8306688.0	2097152.0	0.0	8616960.0	NA
macOS_F_NOCACHE	legacy-int	65536	100	4	BoundedParallelReaderScan/4/real_time	b47ed98fcfd3-dirty	1000000	10622618.0	4.56	4.703	4.541	1.55	17383424.0	8388608.0	0.0	8616960.0	NA
macOS_F_NOCACHE	legacy-int	65536	100	4	ParquetReaderOnlyScan/Uncompressed/real_time	b47ed98fcfd3-dirty	1000000	49843287.0	9.031	11.0	8.836	10.41	73580544.0	42085760.0	0.0	NA	39856592.0
macOS_F_NOCACHE	legacy-int	65536	100	4	ParquetReaderOnlyScan/ZSTD/real_time	b47ed98fcfd3-dirty	1000000	14344963.0	35.02	35.348	34.938	0.5	74186752.0	42085760.0	0.0	NA	11426104.0
macOS_F_NOCACHE	legacy-int	262144	1	1	ReaderOnlyScan/real_time	b47ed98fcfd3-dirty	1000000	11877802.0	1.546	1.591	1.538	1.52	8814592.0	1789824.0	3.0	961136.0	NA
macOS_F_NOCACHE	legacy-int	262144	1	1	BoundedParallelReaderScan/4/real_time	b47ed98fcfd3-dirty	1000000	11877802.0	1.584	1.594	1.574	0.44	9256960.0	1789824.0	3.0	961136.0	NA
macOS_F_NOCACHE	legacy-int	262144	1	1	ParquetReaderOnlyScan/Uncompressed/real_time	b47ed98fcfd3-dirty	1000000	45432202.0	0.623	0.64	0.612	1.71	17317888.0	6124736.0	3.0	NA	3958910.0
macOS_F_NOCACHE	legacy-int	262144	1	1	ParquetReaderOnlyScan/ZSTD/real_time	b47ed98fcfd3-dirty	1000000	10110063.0	3.221	3.237	3.211	0.3	17530880.0	6124736.0	3.0	NA	951058.0
macOS_F_NOCACHE	legacy-int	262144	1	4	ReaderOnlyScan/real_time	b47ed98fcfd3-dirty	1000000	11877802.0	2.661	2.697	2.642	0.83	9093120.0	2029824.0	3.0	2536320.0	NA
macOS_F_NOCACHE	legacy-int	262144	1	4	BoundedParallelReaderScan/4/real_time	b47ed98fcfd3-dirty	1000000	11877802.0	2.705	2.741	2.694	0.75	9617408.0	2029824.0	3.0	2536320.0	NA
macOS_F_NOCACHE	legacy-int	262144	1	4	ParquetReaderOnlyScan/Uncompressed/real_time	b47ed98fcfd3-dirty	1000000	45432202.0	1.726	1.758	1.684	1.72	27295744.0	15311744.0	3.0	NA	9897275.0
macOS_F_NOCACHE	legacy-int	262144	1	4	ParquetReaderOnlyScan/ZSTD/real_time	b47ed98fcfd3-dirty	1000000	10110063.0	8.264	8.312	8.22	0.41	27492352.0	15311744.0	3.0	NA	2344376.0
macOS_F_NOCACHE	legacy-int	262144	10	1	ReaderOnlyScan/real_time	b47ed98fcfd3-dirty	1000000	11877802.0	1.878	1.886	1.86	0.53	9797632.0	2521088.0	3.0	961136.0	NA
macOS_F_NOCACHE	legacy-int	262144	10	1	BoundedParallelReaderScan/4/real_time	b47ed98fcfd3-dirty	1000000	11877802.0	1.925	1.932	1.913	0.35	10272768.0	2521088.0	3.0	961136.0	NA
macOS_F_NOCACHE	legacy-int	262144	10	1	ParquetReaderOnlyScan/Uncompressed/real_time	b47ed98fcfd3-dirty	1000000	45432202.0	0.615	0.622	0.612	0.62	17661952.0	6124736.0	3.0	NA	3958910.0
macOS_F_NOCACHE	legacy-int	262144	10	1	ParquetReaderOnlyScan/ZSTD/real_time	b47ed98fcfd3-dirty	1000000	10110063.0	3.218	3.248	3.192	0.6	18087936.0	6124736.0	3.0	NA	951058.0
macOS_F_NOCACHE	legacy-int	262144	10	4	ReaderOnlyScan/real_time	b47ed98fcfd3-dirty	1000000	11877802.0	3.706	3.737	3.673	0.68	12255232.0	4921088.0	3.0	2536320.0	NA
macOS_F_NOCACHE	legacy-int	262144	10	4	BoundedParallelReaderScan/4/real_time	b47ed98fcfd3-dirty	1000000	11877802.0	3.758	3.803	3.709	0.91	13533184.0	4921088.0	3.0	2536320.0	NA
macOS_F_NOCACHE	legacy-int	262144	10	4	ParquetReaderOnlyScan/Uncompressed/real_time	b47ed98fcfd3-dirty	1000000	45432202.0	1.721	1.76	1.694	1.44	27459584.0	15311744.0	3.0	NA	9897275.0
macOS_F_NOCACHE	legacy-int	262144	10	4	ParquetReaderOnlyScan/ZSTD/real_time	b47ed98fcfd3-dirty	1000000	10110063.0	8.349	8.548	8.195	1.69	27770880.0	15311744.0	3.0	NA	2344376.0
macOS_F_NOCACHE	legacy-int	262144	50	1	ReaderOnlyScan/real_time	b47ed98fcfd3-dirty	1000000	11877802.0	3.399	3.428	3.352	0.77	11436032.0	3838464.0	1.0	2250160.0	NA
macOS_F_NOCACHE	legacy-int	262144	50	1	BoundedParallelReaderScan/4/real_time	b47ed98fcfd3-dirty	1000000	11877802.0	2.046	2.067	2.038	0.56	16990208.0	6100224.0	1.0	2250160.0	NA
macOS_F_NOCACHE	legacy-int	262144	50	1	ParquetReaderOnlyScan/Uncompressed/real_time	b47ed98fcfd3-dirty	1000000	45432202.0	1.417	1.448	1.384	1.73	21168128.0	6902080.0	1.0	NA	9083785.0
macOS_F_NOCACHE	legacy-int	262144	50	1	ParquetReaderOnlyScan/ZSTD/real_time	b47ed98fcfd3-dirty	1000000	10110063.0	7.305	7.355	7.269	0.5	21364736.0	6902080.0	1.0	NA	2050475.0
macOS_F_NOCACHE	legacy-int	262144	50	4	ReaderOnlyScan/real_time	b47ed98fcfd3-dirty	1000000	11877802.0	9.642	10.483	9.518	4.66	23609344.0	15353856.0	1.0	7692208.0	NA
macOS_F_NOCACHE	legacy-int	262144	50	4	BoundedParallelReaderScan/4/real_time	b47ed98fcfd3-dirty	1000000	11877802.0	6.425	6.536	6.393	0.93	27557888.0	15353856.0	1.0	7692208.0	NA
macOS_F_NOCACHE	legacy-int	262144	50	4	ParquetReaderOnlyScan/Uncompressed/real_time	b47ed98fcfd3-dirty	1000000	45432202.0	5.431	5.567	5.378	1.41	39927808.0	21721856.0	1.0	NA	29230810.0
macOS_F_NOCACHE	legacy-int	262144	50	4	ParquetReaderOnlyScan/ZSTD/real_time	b47ed98fcfd3-dirty	1000000	10110063.0	24.602	25.329	24.461	1.58	40271872.0	21721856.0	1.0	NA	6512015.0
macOS_F_NOCACHE	legacy-int	262144	100	1	ReaderOnlyScan/real_time	b47ed98fcfd3-dirty	1000000	11877802.0	3.249	3.274	3.232	0.51	8667136.0	2097152.0	0.0	2250160.0	NA
macOS_F_NOCACHE	legacy-int	262144	100	1	BoundedParallelReaderScan/4/real_time	b47ed98fcfd3-dirty	1000000	11877802.0	1.326	1.345	1.3	1.23	17022976.0	8000000.0	0.0	2250160.0	NA
macOS_F_NOCACHE	legacy-int	262144	100	1	ParquetReaderOnlyScan/Uncompressed/real_time	b47ed98fcfd3-dirty	1000000	45432202.0	1.531	1.568	1.475	2.05	21528576.0	10166784.0	0.0	NA	9083785.0
macOS_F_NOCACHE	legacy-int	262144	100	1	ParquetReaderOnlyScan/ZSTD/real_time	b47ed98fcfd3-dirty	1000000	10110063.0	7.33	7.357	7.314	0.24	21692416.0	10166784.0	0.0	NA	2051140.0
macOS_F_NOCACHE	legacy-int	262144	100	4	ReaderOnlyScan/real_time	b47ed98fcfd3-dirty	1000000	11877802.0	13.028	13.715	12.859	2.81	15826944.0	8388608.0	0.0	9625640.0	NA
macOS_F_NOCACHE	legacy-int	262144	100	4	BoundedParallelReaderScan/4/real_time	b47ed98fcfd3-dirty	1000000	11877802.0	7.246	7.321	7.211	0.68	27410432.0	16777216.0	0.0	9625640.0	NA
macOS_F_NOCACHE	legacy-int	262144	100	4	ParquetReaderOnlyScan/Uncompressed/real_time	b47ed98fcfd3-dirty	1000000	45432202.0	6.891	6.997	6.822	1.05	57016320.0	40666752.0	0.0	NA	36335140.0
macOS_F_NOCACHE	legacy-int	262144	100	4	ParquetReaderOnlyScan/ZSTD/real_time	b47ed98fcfd3-dirty	1000000	10110063.0	31.239	31.579	30.353	1.77	58621952.0	40666752.0	0.0	NA	8045702.0
macOS_F_NOCACHE	high-entropy-binary	1024	1	1	ReaderOnlyScan/real_time	b47ed98fcfd3-dirty	1000000	138787499.0	0.596	0.615	0.583	2.27	8536064.0	316032.0	966.0	372004.0	NA
macOS_F_NOCACHE	high-entropy-binary	1024	1	1	BoundedParallelReaderScan/4/real_time	b47ed98fcfd3-dirty	1000000	138787499.0	0.5	0.505	0.492	0.97	14417920.0	397376.0	966.0	372004.0	NA
macOS_F_NOCACHE	high-entropy-binary	1024	1	1	ParquetReaderOnlyScan/Uncompressed/real_time	b47ed98fcfd3-dirty	1000000	151894612.0	0.887	0.9	0.882	0.82	23150592.0	845440.0	966.0	NA	391824.0
macOS_F_NOCACHE	high-entropy-binary	1024	1	1	ParquetReaderOnlyScan/ZSTD/real_time	b47ed98fcfd3-dirty	1000000	138617414.0	1.121	1.131	1.117	0.52	23445504.0	845440.0	966.0	NA	366708.0
macOS_F_NOCACHE	high-entropy-binary	1024	1	4	ReaderOnlyScan/real_time	b47ed98fcfd3-dirty	1000000	138787499.0	2.091	2.153	1.857	5.12	10846208.0	1264128.0	966.0	1484056.0	NA
macOS_F_NOCACHE	high-entropy-binary	1024	1	4	BoundedParallelReaderScan/4/real_time	b47ed98fcfd3-dirty	1000000	138787499.0	1.0	1.029	0.995	1.53	19906560.0	1577984.0	966.0	1484056.0	NA
macOS_F_NOCACHE	high-entropy-binary	1024	1	4	ParquetReaderOnlyScan/Uncompressed/real_time	b47ed98fcfd3-dirty	1000000	151894612.0	1.462	1.471	1.45	0.55	28049408.0	2097024.0	966.0	NA	1538751.0
macOS_F_NOCACHE	high-entropy-binary	1024	1	4	ParquetReaderOnlyScan/ZSTD/real_time	b47ed98fcfd3-dirty	1000000	138617414.0	2.406	2.426	2.377	0.7	28311552.0	2287040.0	966.0	NA	1463827.0
macOS_F_NOCACHE	high-entropy-binary	1024	10	1	ReaderOnlyScan/real_time	b47ed98fcfd3-dirty	1000000	138787499.0	12.334	13.325	11.169	5.79	8454144.0	316032.0	878.0	3460132.0	NA
macOS_F_NOCACHE	high-entropy-binary	1024	10	1	BoundedParallelReaderScan/4/real_time	b47ed98fcfd3-dirty	1000000	138787499.0	4.027	4.084	3.973	1.17	13565952.0	388224.0	878.0	3460132.0	NA
macOS_F_NOCACHE	high-entropy-binary	1024	10	1	ParquetReaderOnlyScan/Uncompressed/real_time	b47ed98fcfd3-dirty	1000000	151894612.0	3.259	3.341	3.133	2.31	25362432.0	3684480.0	878.0	NA	3576724.0
macOS_F_NOCACHE	high-entropy-binary	1024	10	1	ParquetReaderOnlyScan/ZSTD/real_time	b47ed98fcfd3-dirty	1000000	138617414.0	5.447	5.552	5.245	2.49	25804800.0	3684480.0	878.0	NA	3404252.0
macOS_F_NOCACHE	high-entropy-binary	1024	10	4	ReaderOnlyScan/real_time	b47ed98fcfd3-dirty	1000000	138787499.0	40.654	41.552	39.24	1.91	10846208.0	1264128.0	878.0	13836568.0	NA
macOS_F_NOCACHE	high-entropy-binary	1024	10	4	BoundedParallelReaderScan/4/real_time	b47ed98fcfd3-dirty	1000000	138787499.0	15.114	15.368	14.65	1.64	18399232.0	1687680.0	878.0	13836568.0	NA
macOS_F_NOCACHE	high-entropy-binary	1024	10	4	ParquetReaderOnlyScan/Uncompressed/real_time	b47ed98fcfd3-dirty	1000000	151894612.0	9.031	10.617	8.912	8.26	37519360.0	14839552.0	878.0	NA	14278351.0
macOS_F_NOCACHE	high-entropy-binary	1024	10	4	ParquetReaderOnlyScan/ZSTD/real_time	b47ed98fcfd3-dirty	1000000	138617414.0	17.203	18.746	17.048	4.8	41746432.0	14839552.0	878.0	NA	13618743.0
macOS_F_NOCACHE	high-entropy-binary	1024	50	1	ReaderOnlyScan/real_time	b47ed98fcfd3-dirty	1000000	138787499.0	63.403	64.909	62.214	1.74	8634368.0	316032.0	488.0	17146188.0	NA
macOS_F_NOCACHE	high-entropy-binary	1024	50	1	BoundedParallelReaderScan/4/real_time	b47ed98fcfd3-dirty	1000000	138787499.0	18.752	18.944	18.359	1.23	13287424.0	423360.0	488.0	17146188.0	NA
macOS_F_NOCACHE	high-entropy-binary	1024	50	1	ParquetReaderOnlyScan/Uncompressed/real_time	b47ed98fcfd3-dirty	1000000	151894612.0	13.97	19.228	13.732	18.72	41041920.0	17866688.0	488.0	NA	17691666.0
macOS_F_NOCACHE	high-entropy-binary	1024	50	1	ParquetReaderOnlyScan/ZSTD/real_time	b47ed98fcfd3-dirty	1000000	138617414.0	25.333	29.685	25.022	8.94	41500672.0	17866688.0	488.0	NA	16877001.0
macOS_F_NOCACHE	high-entropy-binary	1024	50	4	ReaderOnlyScan/real_time	b47ed98fcfd3-dirty	1000000	138787499.0	212.007	216.32	211.521	0.99	10534912.0	1264128.0	488.0	68580792.0	NA
macOS_F_NOCACHE	high-entropy-binary	1024	50	4	BoundedParallelReaderScan/4/real_time	b47ed98fcfd3-dirty	1000000	138787499.0	76.861	77.544	72.122	3.24	18907136.0	1687680.0	488.0	68580792.0	NA
macOS_F_NOCACHE	high-entropy-binary	1024	50	4	ParquetReaderOnlyScan/Uncompressed/real_time	b47ed98fcfd3-dirty	1000000	151894612.0	43.645	53.477	42.951	11.72	110379008.0	71408320.0	488.0	NA	70738119.0
macOS_F_NOCACHE	high-entropy-binary	1024	50	4	ParquetReaderOnlyScan/ZSTD/real_time	b47ed98fcfd3-dirty	1000000	138617414.0	86.84	96.512	85.972	5.88	181927936.0	71408320.0	488.0	NA	67522381.0
macOS_F_NOCACHE	high-entropy-binary	1024	100	1	ReaderOnlyScan/real_time	b47ed98fcfd3-dirty	1000000	138787499.0	126.66	129.406	120.119	2.81	8323072.0	280896.0	0.0	34269988.0	NA
macOS_F_NOCACHE	high-entropy-binary	1024	100	1	BoundedParallelReaderScan/4/real_time	b47ed98fcfd3-dirty	1000000	138787499.0	36.658	37.11	36.288	0.88	13271040.0	388224.0	0.0	34269988.0	NA
macOS_F_NOCACHE	high-entropy-binary	1024	100	1	ParquetReaderOnlyScan/Uncompressed/real_time	b47ed98fcfd3-dirty	1000000	151894612.0	28.215	36.068	27.555	13.65	89128960.0	35561600.0	0.0	NA	35343926.0
macOS_F_NOCACHE	high-entropy-binary	1024	100	1	ParquetReaderOnlyScan/ZSTD/real_time	b47ed98fcfd3-dirty	1000000	138617414.0	51.73	57.502	50.837	5.91	91635712.0	35561600.0	0.0	NA	33750230.0
macOS_F_NOCACHE	high-entropy-binary	1024	100	4	ReaderOnlyScan/real_time	b47ed98fcfd3-dirty	1000000	138787499.0	420.541	426.933	414.607	1.01	10354688.0	1123584.0	0.0	137079952.0	NA
macOS_F_NOCACHE	high-entropy-binary	1024	100	4	BoundedParallelReaderScan/4/real_time	b47ed98fcfd3-dirty	1000000	138787499.0	144.485	148.639	142.645	1.71	17743872.0	1547136.0	0.0	137079952.0	NA
macOS_F_NOCACHE	high-entropy-binary	1024	100	4	ParquetReaderOnlyScan/Uncompressed/real_time	b47ed98fcfd3-dirty	1000000	151894612.0	98.657	129.62	84.306	18.94	185139200.0	142218112.0	0.0	NA	141375704.0
macOS_F_NOCACHE	high-entropy-binary	1024	100	4	ParquetReaderOnlyScan/ZSTD/real_time	b47ed98fcfd3-dirty	1000000	138617414.0	174.996	204.744	174.622	8.73	320815104.0	142218112.0	0.0	NA	135034111.0
macOS_F_NOCACHE	high-entropy-binary	8192	1	1	ReaderOnlyScan/real_time	b47ed98fcfd3-dirty	1000000	138666963.0	0.783	0.797	0.774	1.08	7749632.0	463232.0	120.0	594180.0	NA
macOS_F_NOCACHE	high-entropy-binary	8192	1	1	BoundedParallelReaderScan/4/real_time	b47ed98fcfd3-dirty	1000000	138666963.0	0.584	0.588	0.58	0.5	9977856.0	483072.0	120.0	594180.0	NA
macOS_F_NOCACHE	high-entropy-binary	8192	1	1	ParquetReaderOnlyScan/Uncompressed/real_time	b47ed98fcfd3-dirty	1000000	152410904.0	0.383	0.389	0.379	1.02	14073856.0	1027072.0	120.0	NA	683446.0
macOS_F_NOCACHE	high-entropy-binary	8192	1	1	ParquetReaderOnlyScan/ZSTD/real_time	b47ed98fcfd3-dirty	1000000	138299872.0	0.707	0.715	0.701	0.78	14385152.0	1300352.0	120.0	NA	589069.0
macOS_F_NOCACHE	high-entropy-binary	8192	1	4	ReaderOnlyScan/real_time	b47ed98fcfd3-dirty	1000000	138666963.0	2.697	2.739	2.643	1.24	9666560.0	1852928.0	120.0	2336664.0	NA
macOS_F_NOCACHE	high-entropy-binary	8192	1	4	BoundedParallelReaderScan/4/real_time	b47ed98fcfd3-dirty	1000000	138666963.0	1.488	1.502	1.479	0.64	13385728.0	1932288.0	120.0	2336664.0	NA
macOS_F_NOCACHE	high-entropy-binary	8192	1	4	ParquetReaderOnlyScan/Uncompressed/real_time	b47ed98fcfd3-dirty	1000000	152410904.0	1.189	1.205	1.16	1.35	19087360.0	3553408.0	120.0	NA	2497057.0
macOS_F_NOCACHE	high-entropy-binary	8192	1	4	ParquetReaderOnlyScan/ZSTD/real_time	b47ed98fcfd3-dirty	1000000	138299872.0	2.52	2.545	2.488	0.88	19496960.0	4610752.0	120.0	NA	2301999.0
macOS_F_NOCACHE	high-entropy-binary	8192	10	1	ReaderOnlyScan/real_time	b47ed98fcfd3-dirty	1000000	138666963.0	4.281	4.347	4.225	1.1	8241152.0	701568.0	109.0	3680184.0	NA
macOS_F_NOCACHE	high-entropy-binary	8192	10	1	BoundedParallelReaderScan/4/real_time	b47ed98fcfd3-dirty	1000000	138666963.0	1.526	1.689	1.509	5.64	16056320.0	1036032.0	109.0	3680184.0	NA
macOS_F_NOCACHE	high-entropy-binary	8192	10	1	ParquetReaderOnlyScan/Uncompressed/real_time	b47ed98fcfd3-dirty	1000000	152410904.0	1.823	1.854	1.809	0.94	20758528.0	4063040.0	109.0	NA	3896421.0
macOS_F_NOCACHE	high-entropy-binary	8192	10	1	ParquetReaderOnlyScan/ZSTD/real_time	b47ed98fcfd3-dirty	1000000	138299872.0	4.182	4.216	4.135	0.73	21020672.0	4166464.0	109.0	NA	3651517.0
macOS_F_NOCACHE	high-entropy-binary	8192	10	4	ReaderOnlyScan/real_time	b47ed98fcfd3-dirty	1000000	138666963.0	17.288	17.982	16.964	2.32	11157504.0	2806272.0	109.0	14680680.0	NA
macOS_F_NOCACHE	high-entropy-binary	8192	10	4	BoundedParallelReaderScan/4/real_time	b47ed98fcfd3-dirty	1000000	138666963.0	6.46	9.595	6.291	19.71	24526848.0	6173184.0	109.0	14680680.0	NA
macOS_F_NOCACHE	high-entropy-binary	8192	10	4	ParquetReaderOnlyScan/Uncompressed/real_time	b47ed98fcfd3-dirty	1000000	152410904.0	7.766	7.837	7.55	1.5	32948224.0	16315520.0	109.0	NA	15348957.0
macOS_F_NOCACHE	high-entropy-binary	8192	10	4	ParquetReaderOnlyScan/ZSTD/real_time	b47ed98fcfd3-dirty	1000000	138299872.0	16.49	17.412	16.266	3.08	33406976.0	16700288.0	109.0	NA	14520663.0
macOS_F_NOCACHE	high-entropy-binary	8192	50	1	ReaderOnlyScan/real_time	b47ed98fcfd3-dirty	1000000	138666963.0	20.694	21.11	20.495	1.25	8175616.0	701568.0	61.0	17146264.0	NA
macOS_F_NOCACHE	high-entropy-binary	8192	50	1	BoundedParallelReaderScan/4/real_time	b47ed98fcfd3-dirty	1000000	138666963.0	6.628	6.687	6.591	0.55	13778944.0	1252864.0	61.0	17146264.0	NA
macOS_F_NOCACHE	high-entropy-binary	8192	50	1	ParquetReaderOnlyScan/Uncompressed/real_time	b47ed98fcfd3-dirty	1000000	152410904.0	8.72	10.023	8.553	8.0	32833536.0	18083968.0	61.0	NA	17916549.0
macOS_F_NOCACHE	high-entropy-binary	8192	50	1	ParquetReaderOnlyScan/ZSTD/real_time	b47ed98fcfd3-dirty	1000000	138299872.0	19.136	19.728	18.713	2.08	33292288.0	18083968.0	61.0	NA	16952663.0
macOS_F_NOCACHE	high-entropy-binary	8192	50	4	ReaderOnlyScan/real_time	b47ed98fcfd3-dirty	1000000	138666963.0	81.083	82.094	80.662	0.7	11681792.0	2806272.0	61.0	68545000.0	NA
macOS_F_NOCACHE	high-entropy-binary	8192	50	4	BoundedParallelReaderScan/4/real_time	b47ed98fcfd3-dirty	1000000	138666963.0	26.071	26.213	25.879	0.43	21463040.0	5908032.0	61.0	68545000.0	NA
macOS_F_NOCACHE	high-entropy-binary	8192	50	4	ParquetReaderOnlyScan/Uncompressed/real_time	b47ed98fcfd3-dirty	1000000	152410904.0	34.441	41.724	34.1	10.48	105545728.0	72398592.0	61.0	NA	71429469.0
macOS_F_NOCACHE	high-entropy-binary	8192	50	4	ParquetReaderOnlyScan/ZSTD/real_time	b47ed98fcfd3-dirty	1000000	138299872.0	76.136	81.144	75.693	3.54	109510656.0	72398592.0	61.0	NA	67839958.0
macOS_F_NOCACHE	high-entropy-binary	8192	100	1	ReaderOnlyScan/real_time	b47ed98fcfd3-dirty	1000000	138666963.0	40.298	40.724	40.114	0.6	7241728.0	296000.0	0.0	34246076.0	NA
macOS_F_NOCACHE	high-entropy-binary	8192	100	1	BoundedParallelReaderScan/4/real_time	b47ed98fcfd3-dirty	1000000	138666963.0	12.583	12.701	12.46	0.74	12828672.0	576576.0	0.0	34246076.0	NA
macOS_F_NOCACHE	high-entropy-binary	8192	100	1	ParquetReaderOnlyScan/Uncompressed/real_time	b47ed98fcfd3-dirty	1000000	152410904.0	18.212	20.325	17.874	5.61	69648384.0	36194368.0	0.0	NA	35654909.0
macOS_F_NOCACHE	high-entropy-binary	8192	100	1	ParquetReaderOnlyScan/ZSTD/real_time	b47ed98fcfd3-dirty	1000000	138299872.0	38.416	39.187	38.106	1.18	70811648.0	36194368.0	0.0	NA	33865837.0
macOS_F_NOCACHE	high-entropy-binary	8192	100	4	ReaderOnlyScan/real_time	b47ed98fcfd3-dirty	1000000	138666963.0	160.973	162.508	159.733	0.69	8617984.0	1137920.0	0.0	136984304.0	NA
macOS_F_NOCACHE	high-entropy-binary	8192	100	4	BoundedParallelReaderScan/4/real_time	b47ed98fcfd3-dirty	1000000	138666963.0	50.153	50.268	49.754	0.4	18268160.0	4308032.0	0.0	136984304.0	NA
macOS_F_NOCACHE	high-entropy-binary	8192	100	4	ParquetReaderOnlyScan/Uncompressed/real_time	b47ed98fcfd3-dirty	1000000	152410904.0	69.42	81.386	68.911	8.63	166313984.0	144839296.0	0.0	NA	142619636.0
macOS_F_NOCACHE	high-entropy-binary	8192	100	4	ParquetReaderOnlyScan/ZSTD/real_time	b47ed98fcfd3-dirty	1000000	138299872.0	151.957	161.277	150.778	2.94	174325760.0	144839296.0	0.0	NA	135513841.0
macOS_F_NOCACHE	high-entropy-binary	65536	1	1	ReaderOnlyScan/real_time	b47ed98fcfd3-dirty	1000000	138977999.0	0.758	0.768	0.745	1.18	8257536.0	701312.0	15.0	612612.0	NA
macOS_F_NOCACHE	high-entropy-binary	65536	1	1	BoundedParallelReaderScan/4/real_time	b47ed98fcfd3-dirty	1000000	138977999.0	0.842	0.854	0.829	1.01	9568256.0	701312.0	15.0	612612.0	NA
macOS_F_NOCACHE	high-entropy-binary	65536	1	1	ParquetReaderOnlyScan/Uncompressed/real_time	b47ed98fcfd3-dirty	1000000	149909695.0	0.317	0.319	0.31	1.04	13139968.0	1929536.0	15.0	NA	774205.0
macOS_F_NOCACHE	high-entropy-binary	65536	1	1	ParquetReaderOnlyScan/ZSTD/real_time	b47ed98fcfd3-dirty	1000000	133624922.0	0.675	0.681	0.672	0.48	13631488.0	2482240.0	15.0	NA	616573.0
macOS_F_NOCACHE	high-entropy-binary	65536	1	4	ReaderOnlyScan/real_time	b47ed98fcfd3-dirty	1000000	138977999.0	2.356	2.376	2.304	1.17	9256960.0	1728896.0	15.0	2354928.0	NA
macOS_F_NOCACHE	high-entropy-binary	65536	1	4	BoundedParallelReaderScan/4/real_time	b47ed98fcfd3-dirty	1000000	138977999.0	2.48	2.527	2.421	1.45	11190272.0	1728896.0	15.0	2354928.0	NA
macOS_F_NOCACHE	high-entropy-binary	65536	1	4	ParquetReaderOnlyScan/Uncompressed/real_time	b47ed98fcfd3-dirty	1000000	149909695.0	1.069	1.076	1.062	0.46	18006016.0	6686912.0	15.0	NA	2594146.0
macOS_F_NOCACHE	high-entropy-binary	65536	1	4	ParquetReaderOnlyScan/ZSTD/real_time	b47ed98fcfd3-dirty	1000000	133624922.0	2.255	2.29	2.241	0.86	20299776.0	8848320.0	15.0	NA	2321275.0
macOS_F_NOCACHE	high-entropy-binary	65536	10	1	ReaderOnlyScan/real_time	b47ed98fcfd3-dirty	1000000	138977999.0	3.843	3.87	3.825	0.48	15351808.0	2984128.0	13.0	5200196.0	NA
macOS_F_NOCACHE	high-entropy-binary	65536	10	1	BoundedParallelReaderScan/4/real_time	b47ed98fcfd3-dirty	1000000	138977999.0	1.787	1.804	1.772	0.7	24264704.0	4593600.0	13.0	5200196.0	NA
macOS_F_NOCACHE	high-entropy-binary	65536	10	1	ParquetReaderOnlyScan/Uncompressed/real_time	b47ed98fcfd3-dirty	1000000	149909695.0	2.053	2.075	2.033	0.76	27197440.0	5833152.0	13.0	NA	5842375.0
macOS_F_NOCACHE	high-entropy-binary	65536	10	1	ParquetReaderOnlyScan/ZSTD/real_time	b47ed98fcfd3-dirty	1000000	133624922.0	4.664	4.721	4.617	0.82	27475968.0	6812160.0	13.0	NA	5053812.0
macOS_F_NOCACHE	high-entropy-binary	65536	10	4	ReaderOnlyScan/real_time	b47ed98fcfd3-dirty	1000000	138977999.0	14.615	16.067	14.482	5.26	24559616.0	11936512.0	13.0	20407448.0	NA
macOS_F_NOCACHE	high-entropy-binary	65536	10	4	BoundedParallelReaderScan/4/real_time	b47ed98fcfd3-dirty	1000000	138977999.0	6.77	6.838	6.67	0.82	40157184.0	14259968.0	13.0	20407448.0	NA
macOS_F_NOCACHE	high-entropy-binary	65536	10	4	ParquetReaderOnlyScan/Uncompressed/real_time	b47ed98fcfd3-dirty	1000000	149909695.0	8.641	10.938	8.543	13.63	42631168.0	18220544.0	13.0	NA	21410182.0
macOS_F_NOCACHE	high-entropy-binary	65536	10	4	ParquetReaderOnlyScan/ZSTD/real_time	b47ed98fcfd3-dirty	1000000	133624922.0	17.197	19.359	17.089	6.72	43417600.0	21741888.0	13.0	NA	19576030.0
macOS_F_NOCACHE	high-entropy-binary	65536	50	1	ReaderOnlyScan/real_time	b47ed98fcfd3-dirty	1000000	138977999.0	13.325	14.93	13.212	6.02	18382848.0	4628800.0	7.0	18665132.0	NA
macOS_F_NOCACHE	high-entropy-binary	65536	50	1	BoundedParallelReaderScan/4/real_time	b47ed98fcfd3-dirty	1000000	138977999.0	4.927	4.976	4.877	0.76	40370176.0	8529152.0	7.0	18665132.0	NA
macOS_F_NOCACHE	high-entropy-binary	65536	50	1	ParquetReaderOnlyScan/Uncompressed/real_time	b47ed98fcfd3-dirty	1000000	149909695.0	7.801	9.354	7.706	10.45	44957696.0	18370944.0	7.0	NA	19590248.0
macOS_F_NOCACHE	high-entropy-binary	65536	50	1	ParquetReaderOnlyScan/ZSTD/real_time	b47ed98fcfd3-dirty	1000000	133624922.0	16.618	17.74	16.444	3.27	45318144.0	18438848.0	7.0	NA	17973598.0
macOS_F_NOCACHE	high-entropy-binary	65536	50	4	ReaderOnlyScan/real_time	b47ed98fcfd3-dirty	1000000	138977999.0	52.914	56.067	52.698	3.17	35471360.0	18515200.0	7.0	74267192.0	NA
macOS_F_NOCACHE	high-entropy-binary	65536	50	4	BoundedParallelReaderScan/4/real_time	b47ed98fcfd3-dirty	1000000	138977999.0	19.698	20.631	19.194	3.01	78249984.0	33832064.0	7.0	74267192.0	NA
macOS_F_NOCACHE	high-entropy-binary	65536	50	4	ParquetReaderOnlyScan/Uncompressed/real_time	b47ed98fcfd3-dirty	1000000	149909695.0	30.956	34.457	30.818	5.55	111771648.0	73212160.0	7.0	NA	76401674.0
macOS_F_NOCACHE	high-entropy-binary	65536	50	4	ParquetReaderOnlyScan/ZSTD/real_time	b47ed98fcfd3-dirty	1000000	133624922.0	61.491	64.192	61.275	2.16	112001024.0	73212160.0	7.0	NA	70921449.0
macOS_F_NOCACHE	high-entropy-binary	65536	100	1	ReaderOnlyScan/real_time	b47ed98fcfd3-dirty	1000000	138977999.0	24.362	25.331	23.929	2.16	13795328.0	2367552.0	0.0	34243080.0	NA
macOS_F_NOCACHE	high-entropy-binary	65536	100	1	BoundedParallelReaderScan/4/real_time	b47ed98fcfd3-dirty	1000000	138977999.0	7.643	8.128	7.332	4.18	37388288.0	6979328.0	0.0	34243080.0	NA
macOS_F_NOCACHE	high-entropy-binary	65536	100	1	ParquetReaderOnlyScan/Uncompressed/real_time	b47ed98fcfd3-dirty	1000000	149909695.0	14.478	15.73	14.28	4.63	61751296.0	36701568.0	0.0	NA	34976290.0
macOS_F_NOCACHE	high-entropy-binary	65536	100	1	ParquetReaderOnlyScan/ZSTD/real_time	b47ed98fcfd3-dirty	1000000	133624922.0	29.97	30.883	29.897	1.48	82296832.0	36701568.0	0.0	NA	32823329.0
macOS_F_NOCACHE	high-entropy-binary	65536	100	4	ReaderOnlyScan/real_time	b47ed98fcfd3-dirty	1000000	138977999.0	97.849	101.59	97.315	1.98	20971520.0	9100224.0	0.0	136972320.0	NA
macOS_F_NOCACHE	high-entropy-binary	65536	100	4	BoundedParallelReaderScan/4/real_time	b47ed98fcfd3-dirty	1000000	138977999.0	34.955	36.263	34.691	1.83	74809344.0	25604480.0	0.0	136972320.0	NA
macOS_F_NOCACHE	high-entropy-binary	65536	100	4	ParquetReaderOnlyScan/Uncompressed/real_time	b47ed98fcfd3-dirty	1000000	149909695.0	57.399	65.968	56.642	7.4	194150400.0	146534080.0	0.0	NA	139905160.0
macOS_F_NOCACHE	high-entropy-binary	65536	100	4	ParquetReaderOnlyScan/ZSTD/real_time	b47ed98fcfd3-dirty	1000000	133624922.0	113.679	118.226	113.039	2.13	194379776.0	146534080.0	0.0	NA	130688394.0
macOS_F_NOCACHE	high-entropy-binary	262144	1	1	ReaderOnlyScan/real_time	b47ed98fcfd3-dirty	1000000	139223159.0	3.698	3.738	3.614	1.13	18497536.0	2274176.0	3.0	7793724.0	NA
macOS_F_NOCACHE	high-entropy-binary	262144	1	1	BoundedParallelReaderScan/4/real_time	b47ed98fcfd3-dirty	1000000	139223159.0	3.786	3.826	3.745	0.72	20037632.0	2274176.0	3.0	7793724.0	NA
macOS_F_NOCACHE	high-entropy-binary	262144	1	1	ParquetReaderOnlyScan/Uncompressed/real_time	b47ed98fcfd3-dirty	1000000	146470848.0	2.72	2.784	2.668	1.67	32030720.0	12777216.0	3.0	NA	9321475.0
macOS_F_NOCACHE	high-entropy-binary	262144	1	1	ParquetReaderOnlyScan/ZSTD/real_time	b47ed98fcfd3-dirty	1000000	130343537.0	7.389	7.473	7.334	0.72	33947648.0	12927232.0	3.0	NA	7362059.0
macOS_F_NOCACHE	high-entropy-binary	262144	1	4	ReaderOnlyScan/real_time	b47ed98fcfd3-dirty	1000000	139223159.0	11.463	14.989	11.125	16.06	19316736.0	3301760.0	3.0	29733192.0	NA
macOS_F_NOCACHE	high-entropy-binary	262144	1	4	BoundedParallelReaderScan/4/real_time	b47ed98fcfd3-dirty	1000000	139223159.0	11.516	11.62	11.418	0.69	19628032.0	3301760.0	3.0	29733192.0	NA
macOS_F_NOCACHE	high-entropy-binary	262144	1	4	ParquetReaderOnlyScan/Uncompressed/real_time	b47ed98fcfd3-dirty	1000000	146470848.0	10.679	14.285	10.541	16.51	60162048.0	39867264.0	3.0	NA	31347535.0
macOS_F_NOCACHE	high-entropy-binary	262144	1	4	ParquetReaderOnlyScan/ZSTD/real_time	b47ed98fcfd3-dirty	1000000	130343537.0	23.726	27.648	23.515	8.18	64208896.0	41693504.0	3.0	NA	27886343.0
macOS_F_NOCACHE	high-entropy-binary	262144	10	1	ReaderOnlyScan/real_time	b47ed98fcfd3-dirty	1000000	139223159.0	4.412	4.484	4.401	0.8	25919488.0	6315456.0	3.0	7793724.0	NA
macOS_F_NOCACHE	high-entropy-binary	262144	10	1	BoundedParallelReaderScan/4/real_time	b47ed98fcfd3-dirty	1000000	139223159.0	4.501	4.581	4.467	1.02	29114368.0	6315456.0	3.0	7793724.0	NA
macOS_F_NOCACHE	high-entropy-binary	262144	10	1	ParquetReaderOnlyScan/Uncompressed/real_time	b47ed98fcfd3-dirty	1000000	146470848.0	2.783	2.813	2.755	0.83	32833536.0	12777216.0	3.0	NA	9321475.0
macOS_F_NOCACHE	high-entropy-binary	262144	10	1	ParquetReaderOnlyScan/ZSTD/real_time	b47ed98fcfd3-dirty	1000000	130343537.0	7.426	7.587	7.369	1.2	34390016.0	12927232.0	3.0	NA	7362059.0
macOS_F_NOCACHE	high-entropy-binary	262144	10	4	ReaderOnlyScan/real_time	b47ed98fcfd3-dirty	1000000	139223159.0	14.81	16.177	14.688	4.46	37388288.0	16588608.0	3.0	29733192.0	NA
macOS_F_NOCACHE	high-entropy-binary	262144	10	4	BoundedParallelReaderScan/4/real_time	b47ed98fcfd3-dirty	1000000	139223159.0	14.511	14.748	14.193	1.34	37683200.0	16588608.0	3.0	29733192.0	NA
macOS_F_NOCACHE	high-entropy-binary	262144	10	4	ParquetReaderOnlyScan/Uncompressed/real_time	b47ed98fcfd3-dirty	1000000	146470848.0	10.953	13.233	10.739	10.82	73859072.0	39867264.0	3.0	NA	31347535.0
macOS_F_NOCACHE	high-entropy-binary	262144	10	4	ParquetReaderOnlyScan/ZSTD/real_time	b47ed98fcfd3-dirty	1000000	130343537.0	23.694	26.757	23.489	6.51	76431360.0	41693504.0	3.0	NA	27886343.0
macOS_F_NOCACHE	high-entropy-binary	262144	50	1	ReaderOnlyScan/real_time	b47ed98fcfd3-dirty	1000000	139223159.0	13.389	17.341	13.107	15.18	50511872.0	18246272.0	1.0	25856100.0	NA
macOS_F_NOCACHE	high-entropy-binary	262144	50	1	BoundedParallelReaderScan/4/real_time	b47ed98fcfd3-dirty	1000000	139223159.0	8.913	9.009	8.836	0.73	80134144.0	18246272.0	1.0	25856100.0	NA
macOS_F_NOCACHE	high-entropy-binary	262144	50	1	ParquetReaderOnlyScan/Uncompressed/real_time	b47ed98fcfd3-dirty	1000000	146470848.0	9.568	13.088	9.314	18.58	87588864.0	18714304.0	1.0	NA	27708906.0
macOS_F_NOCACHE	high-entropy-binary	262144	50	1	ParquetReaderOnlyScan/ZSTD/real_time	b47ed98fcfd3-dirty	1000000	130343537.0	21.889	24.781	21.624	6.83	88408064.0	18745344.0	1.0	NA	24240942.0
macOS_F_NOCACHE	high-entropy-binary	262144	50	4	ReaderOnlyScan/real_time	b47ed98fcfd3-dirty	1000000	139223159.0	49.413	59.898	48.567	10.88	121094144.0	67115840.0	1.0	101654808.0	NA
macOS_F_NOCACHE	high-entropy-binary	262144	50	4	BoundedParallelReaderScan/4/real_time	b47ed98fcfd3-dirty	1000000	139223159.0	49.021	49.472	48.379	0.86	121389056.0	67115840.0	1.0	101654808.0	NA
macOS_F_NOCACHE	high-entropy-binary	262144	50	4	ParquetReaderOnlyScan/Uncompressed/real_time	b47ed98fcfd3-dirty	1000000	146470848.0	36.227	43.428	36.014	10.28	127451136.0	72802560.0	1.0	NA	103731294.0
macOS_F_NOCACHE	high-entropy-binary	262144	50	4	ParquetReaderOnlyScan/ZSTD/real_time	b47ed98fcfd3-dirty	1000000	130343537.0	79.558	87.254	78.823	4.86	127680512.0	72802560.0	1.0	NA	95174834.0
macOS_F_NOCACHE	high-entropy-binary	262144	100	1	ReaderOnlyScan/real_time	b47ed98fcfd3-dirty	1000000	139223159.0	18.286	20.646	18.106	6.58	37847040.0	9470016.0	0.0	34242744.0	NA
macOS_F_NOCACHE	high-entropy-binary	262144	100	1	BoundedParallelReaderScan/4/real_time	b47ed98fcfd3-dirty	1000000	139223159.0	10.461	11.949	10.212	6.94	90112000.0	18940032.0	0.0	34242744.0	NA
macOS_F_NOCACHE	high-entropy-binary	262144	100	1	ParquetReaderOnlyScan/Uncompressed/real_time	b47ed98fcfd3-dirty	1000000	146470848.0	12.253	13.928	12.044	7.22	92389376.0	36713088.0	0.0	NA	34340151.0
macOS_F_NOCACHE	high-entropy-binary	262144	100	1	ParquetReaderOnlyScan/ZSTD/real_time	b47ed98fcfd3-dirty	1000000	130343537.0	26.493	28.154	26.296	3.37	93110272.0	36713088.0	0.0	NA	32108529.0
macOS_F_NOCACHE	high-entropy-binary	262144	100	4	ReaderOnlyScan/real_time	b47ed98fcfd3-dirty	1000000	139223159.0	73.015	78.582	72.595	4.09	72826880.0	36399744.0	0.0	136970976.0	NA
macOS_F_NOCACHE	high-entropy-binary	262144	100	4	BoundedParallelReaderScan/4/real_time	b47ed98fcfd3-dirty	1000000	139223159.0	73.592	74.311	73.073	0.63	73105408.0	36399744.0	0.0	136970976.0	NA
macOS_F_NOCACHE	high-entropy-binary	262144	100	4	ParquetReaderOnlyScan/Uncompressed/real_time	b47ed98fcfd3-dirty	1000000	146470848.0	48.778	61.06	47.875	12.43	173768704.0	144797632.0	0.0	NA	137360604.0
macOS_F_NOCACHE	high-entropy-binary	262144	100	4	ParquetReaderOnlyScan/ZSTD/real_time	b47ed98fcfd3-dirty	1000000	130343537.0	103.485	115.253	102.952	6.05	195117056.0	144797632.0	0.0	NA	128266021.0
macOS_F_NOCACHE	low-cardinality-string	1024	1	1	ReaderOnlyScan/real_time	b47ed98fcfd3-dirty	1000000	6903150.0	0.583	0.595	0.563	1.94	8208384.0	101568.0	966.0	15446.0	NA
macOS_F_NOCACHE	low-cardinality-string	1024	1	1	BoundedParallelReaderScan/4/real_time	b47ed98fcfd3-dirty	1000000	6903150.0	0.476	0.533	0.465	5.79	12664832.0	126656.0	966.0	15446.0	NA
macOS_F_NOCACHE	low-cardinality-string	1024	1	1	ParquetReaderOnlyScan/Uncompressed/real_time	b47ed98fcfd3-dirty	1000000	12973634.0	0.828	0.845	0.811	1.7	20725760.0	622656.0	966.0	NA	17355.0
macOS_F_NOCACHE	low-cardinality-string	1024	1	1	ParquetReaderOnlyScan/ZSTD/real_time	b47ed98fcfd3-dirty	1000000	4392482.0	0.814	0.824	0.807	0.93	21430272.0	622656.0	966.0	NA	5890.0
macOS_F_NOCACHE	low-cardinality-string	1024	1	4	ReaderOnlyScan/real_time	b47ed98fcfd3-dirty	1000000	6903150.0	1.898	1.977	1.827	2.88	8699904.0	406272.0	966.0	57824.0	NA
macOS_F_NOCACHE	low-cardinality-string	1024	1	4	BoundedParallelReaderScan/4/real_time	b47ed98fcfd3-dirty	1000000	6903150.0	0.921	0.971	0.902	3.12	13369344.0	483968.0	966.0	57824.0	NA
macOS_F_NOCACHE	low-cardinality-string	1024	1	4	ParquetReaderOnlyScan/Uncompressed/real_time	b47ed98fcfd3-dirty	1000000	12973634.0	1.279	1.287	1.25	1.04	21299200.0	622656.0	966.0	NA	40875.0
macOS_F_NOCACHE	low-cardinality-string	1024	1	4	ParquetReaderOnlyScan/ZSTD/real_time	b47ed98fcfd3-dirty	1000000	4392482.0	1.369	1.373	1.325	1.45	22020096.0	622656.0	966.0	NA	16271.0
macOS_F_NOCACHE	low-cardinality-string	1024	10	1	ReaderOnlyScan/real_time	b47ed98fcfd3-dirty	1000000	6903150.0	4.288	4.387	4.227	1.52	8175616.0	101568.0	878.0	132486.0	NA
macOS_F_NOCACHE	low-cardinality-string	1024	10	1	BoundedParallelReaderScan/4/real_time	b47ed98fcfd3-dirty	1000000	6903150.0	1.689	1.713	1.654	1.23	12075008.0	137856.0	878.0	132486.0	NA
macOS_F_NOCACHE	low-cardinality-string	1024	10	1	ParquetReaderOnlyScan/Uncompressed/real_time	b47ed98fcfd3-dirty	1000000	12973634.0	2.638	2.715	2.532	2.77	20054016.0	622656.0	878.0	NA	82179.0
macOS_F_NOCACHE	low-cardinality-string	1024	10	1	ParquetReaderOnlyScan/ZSTD/real_time	b47ed98fcfd3-dirty	1000000	4392482.0	2.188	2.237	2.171	1.3	20660224.0	622656.0	878.0	NA	33796.0
macOS_F_NOCACHE	low-cardinality-string	1024	10	4	ReaderOnlyScan/real_time	b47ed98fcfd3-dirty	1000000	6903150.0	16.765	17.248	16.27	2.15	8585216.0	406272.0	878.0	525984.0	NA
macOS_F_NOCACHE	low-cardinality-string	1024	10	4	BoundedParallelReaderScan/4/real_time	b47ed98fcfd3-dirty	1000000	6903150.0	5.536	5.692	5.298	2.49	12763136.0	544512.0	878.0	525984.0	NA
macOS_F_NOCACHE	low-cardinality-string	1024	10	4	ParquetReaderOnlyScan/Uncompressed/real_time	b47ed98fcfd3-dirty	1000000	12973634.0	6.558	6.723	6.527	1.27	21528576.0	622656.0	878.0	NA	300171.0
macOS_F_NOCACHE	low-cardinality-string	1024	10	4	ParquetReaderOnlyScan/ZSTD/real_time	b47ed98fcfd3-dirty	1000000	4392482.0	6.76	6.8	6.728	0.43	21872640.0	622656.0	878.0	NA	127543.0
macOS_F_NOCACHE	low-cardinality-string	1024	50	1	ReaderOnlyScan/real_time	b47ed98fcfd3-dirty	1000000	6903150.0	21.033	21.427	20.823	1.05	8110080.0	101568.0	488.0	651186.0	NA
macOS_F_NOCACHE	low-cardinality-string	1024	50	1	BoundedParallelReaderScan/4/real_time	b47ed98fcfd3-dirty	1000000	6903150.0	8.192	8.341	8.069	1.22	12042240.0	137856.0	488.0	651186.0	NA
macOS_F_NOCACHE	low-cardinality-string	1024	50	1	ParquetReaderOnlyScan/Uncompressed/real_time	b47ed98fcfd3-dirty	1000000	12973634.0	10.734	11.6	10.039	5.76	20856832.0	622656.0	488.0	NA	369473.0
macOS_F_NOCACHE	low-cardinality-string	1024	50	1	ParquetReaderOnlyScan/ZSTD/real_time	b47ed98fcfd3-dirty	1000000	4392482.0	8.325	8.393	8.301	0.44	22200320.0	1850432.0	488.0	NA	157444.0
macOS_F_NOCACHE	low-cardinality-string	1024	50	4	ReaderOnlyScan/real_time	b47ed98fcfd3-dirty	1000000	6903150.0	84.288	84.545	83.631	0.46	8585216.0	406272.0	488.0	2600784.0	NA
macOS_F_NOCACHE	low-cardinality-string	1024	50	4	BoundedParallelReaderScan/4/real_time	b47ed98fcfd3-dirty	1000000	6903150.0	28.555	31.591	28.059	5.32	13893632.0	544512.0	488.0	2600784.0	NA
macOS_F_NOCACHE	low-cardinality-string	1024	50	4	ParquetReaderOnlyScan/Uncompressed/real_time	b47ed98fcfd3-dirty	1000000	12973634.0	31.76	32.259	31.313	1.1	22593536.0	1676096.0	488.0	NA	1449347.0
macOS_F_NOCACHE	low-cardinality-string	1024	50	4	ParquetReaderOnlyScan/ZSTD/real_time	b47ed98fcfd3-dirty	1000000	4392482.0	32.288	33.555	31.804	2.32	24641536.0	2014976.0	488.0	NA	620575.0
macOS_F_NOCACHE	low-cardinality-string	1024	100	1	ReaderOnlyScan/real_time	b47ed98fcfd3-dirty	1000000	6903150.0	43.205	45.072	42.735	2.13	8093696.0	90240.0	0.0	1298906.0	NA
macOS_F_NOCACHE	low-cardinality-string	1024	100	1	BoundedParallelReaderScan/4/real_time	b47ed98fcfd3-dirty	1000000	6903150.0	16.632	28.322	15.605	32.84	12271616.0	126528.0	0.0	1298906.0	NA
macOS_F_NOCACHE	low-cardinality-string	1024	100	1	ParquetReaderOnlyScan/Uncompressed/real_time	b47ed98fcfd3-dirty	1000000	12973634.0	23.531	31.075	23.09	15.77	21315584.0	816384.0	0.0	NA	719441.0
macOS_F_NOCACHE	low-cardinality-string	1024	100	1	ParquetReaderOnlyScan/ZSTD/real_time	b47ed98fcfd3-dirty	1000000	4392482.0	17.274	17.834	16.92	2.11	24985600.0	3649536.0	0.0	NA	309746.0
macOS_F_NOCACHE	low-cardinality-string	1024	100	4	ReaderOnlyScan/real_time	b47ed98fcfd3-dirty	1000000	6903150.0	165.414	169.098	163.152	1.43	8519680.0	360960.0	0.0	5195624.0	NA
macOS_F_NOCACHE	low-cardinality-string	1024	100	4	BoundedParallelReaderScan/4/real_time	b47ed98fcfd3-dirty	1000000	6903150.0	51.363	53.15	50.872	1.87	12926976.0	499200.0	0.0	5195624.0	NA
macOS_F_NOCACHE	low-cardinality-string	1024	100	4	ParquetReaderOnlyScan/Uncompressed/real_time	b47ed98fcfd3-dirty	1000000	12973634.0	61.78	62.065	61.463	0.35	22577152.0	3134080.0	0.0	NA	2877764.0
macOS_F_NOCACHE	low-cardinality-string	1024	100	4	ParquetReaderOnlyScan/ZSTD/real_time	b47ed98fcfd3-dirty	1000000	4392482.0	61.155	61.651	60.792	0.62	26509312.0	3814016.0	0.0	NA	1235076.0
macOS_F_NOCACHE	low-cardinality-string	8192	1	1	ReaderOnlyScan/real_time	b47ed98fcfd3-dirty	1000000	6270214.0	0.439	0.441	0.431	0.73	6995968.0	148352.0	120.0	32966.0	NA
macOS_F_NOCACHE	low-cardinality-string	8192	1	1	BoundedParallelReaderScan/4/real_time	b47ed98fcfd3-dirty	1000000	6270214.0	0.226	0.229	0.223	0.89	9191424.0	192960.0	120.0	32966.0	NA
macOS_F_NOCACHE	low-cardinality-string	8192	1	1	ParquetReaderOnlyScan/Uncompressed/real_time	b47ed98fcfd3-dirty	1000000	12164147.0	0.301	0.303	0.299	0.57	12124160.0	240960.0	120.0	NA	89315.0
macOS_F_NOCACHE	low-cardinality-string	8192	1	1	ParquetReaderOnlyScan/ZSTD/real_time	b47ed98fcfd3-dirty	1000000	2931210.0	0.361	0.366	0.358	0.81	12451840.0	249408.0	120.0	NA	22660.0
macOS_F_NOCACHE	low-cardinality-string	8192	1	4	ReaderOnlyScan/real_time	b47ed98fcfd3-dirty	1000000	6270214.0	1.528	1.543	1.485	1.35	7667712.0	593408.0	120.0	91808.0	NA
macOS_F_NOCACHE	low-cardinality-string	8192	1	4	BoundedParallelReaderScan/4/real_time	b47ed98fcfd3-dirty	1000000	6270214.0	0.624	0.633	0.618	1.03	9502720.0	619264.0	120.0	91808.0	NA
macOS_F_NOCACHE	low-cardinality-string	8192	1	4	ParquetReaderOnlyScan/Uncompressed/real_time	b47ed98fcfd3-dirty	1000000	12164147.0	0.846	0.857	0.836	0.97	12402688.0	619264.0	120.0	NA	120533.0
macOS_F_NOCACHE	low-cardinality-string	8192	1	4	ParquetReaderOnlyScan/ZSTD/real_time	b47ed98fcfd3-dirty	1000000	2931210.0	0.932	0.934	0.925	0.34	12615680.0	619264.0	120.0	NA	26074.0
macOS_F_NOCACHE	low-cardinality-string	8192	10	1	ReaderOnlyScan/real_time	b47ed98fcfd3-dirty	1000000	6270214.0	2.609	2.625	2.566	0.83	7176192.0	224512.0	109.0	136300.0	NA
macOS_F_NOCACHE	low-cardinality-string	8192	10	1	BoundedParallelReaderScan/4/real_time	b47ed98fcfd3-dirty	1000000	6270214.0	0.608	0.629	0.603	1.72	12943360.0	522688.0	109.0	136300.0	NA
macOS_F_NOCACHE	low-cardinality-string	8192	10	1	ParquetReaderOnlyScan/Uncompressed/real_time	b47ed98fcfd3-dirty	1000000	12164147.0	1.313	1.345	1.298	1.43	16089088.0	522688.0	109.0	NA	143953.0
macOS_F_NOCACHE	low-cardinality-string	8192	10	1	ParquetReaderOnlyScan/ZSTD/real_time	b47ed98fcfd3-dirty	1000000	2931210.0	1.411	1.429	1.399	0.89	16400384.0	522688.0	109.0	NA	27093.0
macOS_F_NOCACHE	low-cardinality-string	8192	10	4	ReaderOnlyScan/real_time	b47ed98fcfd3-dirty	1000000	6270214.0	10.074	10.31	9.914	1.43	7946240.0	898048.0	109.0	505144.0	NA
macOS_F_NOCACHE	low-cardinality-string	8192	10	4	BoundedParallelReaderScan/4/real_time	b47ed98fcfd3-dirty	1000000	6270214.0	1.957	1.991	1.951	0.9	15253504.0	1824768.0	109.0	505144.0	NA
macOS_F_NOCACHE	low-cardinality-string	8192	10	4	ParquetReaderOnlyScan/Uncompressed/real_time	b47ed98fcfd3-dirty	1000000	12164147.0	4.6	4.615	4.572	0.33	18300928.0	1830848.0	109.0	NA	339085.0
macOS_F_NOCACHE	low-cardinality-string	8192	10	4	ParquetReaderOnlyScan/ZSTD/real_time	b47ed98fcfd3-dirty	1000000	2931210.0	4.837	4.873	4.818	0.46	18595840.0	1830848.0	109.0	NA	43762.0
macOS_F_NOCACHE	low-cardinality-string	8192	50	1	ReaderOnlyScan/real_time	b47ed98fcfd3-dirty	1000000	6270214.0	13.344	13.534	13.216	0.93	6979584.0	224512.0	61.0	587212.0	NA
macOS_F_NOCACHE	low-cardinality-string	8192	50	1	BoundedParallelReaderScan/4/real_time	b47ed98fcfd3-dirty	1000000	6270214.0	3.784	3.842	3.761	0.9	10911744.0	513088.0	61.0	587212.0	NA
macOS_F_NOCACHE	low-cardinality-string	8192	50	1	ParquetReaderOnlyScan/Uncompressed/real_time	b47ed98fcfd3-dirty	1000000	12164147.0	5.757	5.818	5.701	0.69	14696448.0	513088.0	61.0	NA	382381.0
macOS_F_NOCACHE	low-cardinality-string	8192	50	1	ParquetReaderOnlyScan/ZSTD/real_time	b47ed98fcfd3-dirty	1000000	2931210.0	6.033	6.102	5.897	1.13	14925824.0	513088.0	61.0	NA	46560.0
macOS_F_NOCACHE	low-cardinality-string	8192	50	4	ReaderOnlyScan/real_time	b47ed98fcfd3-dirty	1000000	6270214.0	49.714	49.874	49.298	0.49	7864320.0	898048.0	61.0	2308792.0	NA
macOS_F_NOCACHE	low-cardinality-string	8192	50	4	BoundedParallelReaderScan/4/real_time	b47ed98fcfd3-dirty	1000000	6270214.0	9.659	9.712	9.614	0.36	16285696.0	1994752.0	61.0	2308792.0	NA
macOS_F_NOCACHE	low-cardinality-string	8192	50	4	ParquetReaderOnlyScan/Uncompressed/real_time	b47ed98fcfd3-dirty	1000000	12164147.0	21.569	22.081	21.187	1.72	19922944.0	1994752.0	61.0	NA	1292797.0
macOS_F_NOCACHE	low-cardinality-string	8192	50	4	ParquetReaderOnlyScan/ZSTD/real_time	b47ed98fcfd3-dirty	1000000	2931210.0	22.55	22.873	22.123	1.13	20234240.0	1994752.0	61.0	NA	121438.0
macOS_F_NOCACHE	low-cardinality-string	8192	100	1	ReaderOnlyScan/real_time	b47ed98fcfd3-dirty	1000000	6270214.0	26.002	26.158	25.767	0.5	6635520.0	99392.0	0.0	1146894.0	NA
macOS_F_NOCACHE	low-cardinality-string	8192	100	1	BoundedParallelReaderScan/4/real_time	b47ed98fcfd3-dirty	1000000	6270214.0	7.192	7.224	7.084	0.72	10534912.0	397568.0	0.0	1146894.0	NA
macOS_F_NOCACHE	low-cardinality-string	8192	100	1	ParquetReaderOnlyScan/Uncompressed/real_time	b47ed98fcfd3-dirty	1000000	12164147.0	11.347	11.869	11.282	2.37	14450688.0	667776.0	0.0	NA	606474.0
macOS_F_NOCACHE	low-cardinality-string	8192	100	1	ParquetReaderOnlyScan/ZSTD/real_time	b47ed98fcfd3-dirty	1000000	2931210.0	11.899	12.381	11.816	2.22	14778368.0	667776.0	0.0	NA	49768.0
macOS_F_NOCACHE	low-cardinality-string	8192	100	4	ReaderOnlyScan/real_time	b47ed98fcfd3-dirty	1000000	6270214.0	97.698	97.92	96.629	0.45	6995968.0	368768.0	0.0	4587576.0	NA
macOS_F_NOCACHE	low-cardinality-string	8192	100	4	BoundedParallelReaderScan/4/real_time	b47ed98fcfd3-dirty	1000000	6270214.0	18.263	18.48	17.984	1.0	11436032.0	1398528.0	0.0	4587576.0	NA
macOS_F_NOCACHE	low-cardinality-string	8192	100	4	ParquetReaderOnlyScan/Uncompressed/real_time	b47ed98fcfd3-dirty	1000000	12164147.0	42.546	43.241	42.392	0.79	16842752.0	2655936.0	0.0	NA	2425896.0
macOS_F_NOCACHE	low-cardinality-string	8192	100	4	ParquetReaderOnlyScan/ZSTD/real_time	b47ed98fcfd3-dirty	1000000	2931210.0	44.21	44.41	44.114	0.28	17088512.0	2655936.0	0.0	NA	198580.0
macOS_F_NOCACHE	low-cardinality-string	65536	1	1	ReaderOnlyScan/real_time	b47ed98fcfd3-dirty	1000000	6517050.0	0.433	0.439	0.428	0.94	6995968.0	308096.0	15.0	51098.0	NA
macOS_F_NOCACHE	low-cardinality-string	65536	1	1	BoundedParallelReaderScan/4/real_time	b47ed98fcfd3-dirty	1000000	6517050.0	0.319	0.323	0.317	0.86	7847936.0	308096.0	15.0	51098.0	NA
macOS_F_NOCACHE	low-cardinality-string	65536	1	1	ParquetReaderOnlyScan/Uncompressed/real_time	b47ed98fcfd3-dirty	1000000	12362268.0	0.233	0.235	0.23	0.82	10305536.0	404928.0	15.0	NA	177703.0
macOS_F_NOCACHE	low-cardinality-string	65536	1	1	ParquetReaderOnlyScan/ZSTD/real_time	b47ed98fcfd3-dirty	1000000	3020991.0	0.351	0.351	0.349	0.23	10813440.0	421696.0	15.0	NA	48734.0
macOS_F_NOCACHE	low-cardinality-string	65536	1	4	ReaderOnlyScan/real_time	b47ed98fcfd3-dirty	1000000	6517050.0	1.382	1.428	1.365	1.86	7438336.0	636992.0	15.0	108872.0	NA
macOS_F_NOCACHE	low-cardinality-string	65536	1	4	BoundedParallelReaderScan/4/real_time	b47ed98fcfd3-dirty	1000000	6517050.0	0.852	0.861	0.84	0.86	8585216.0	636992.0	15.0	108872.0	NA
macOS_F_NOCACHE	low-cardinality-string	65536	1	4	ParquetReaderOnlyScan/Uncompressed/real_time	b47ed98fcfd3-dirty	1000000	12362268.0	0.76	0.778	0.754	1.31	11223040.0	636992.0	15.0	NA	208138.0
macOS_F_NOCACHE	low-cardinality-string	65536	1	4	ParquetReaderOnlyScan/ZSTD/real_time	b47ed98fcfd3-dirty	1000000	3020991.0	0.914	0.931	0.891	1.58	11436032.0	636992.0	15.0	NA	50257.0
macOS_F_NOCACHE	low-cardinality-string	65536	10	1	ReaderOnlyScan/real_time	b47ed98fcfd3-dirty	1000000	6517050.0	3.363	3.431	3.313	1.26	9388032.0	986496.0	13.0	298182.0	NA
macOS_F_NOCACHE	low-cardinality-string	65536	10	1	BoundedParallelReaderScan/4/real_time	b47ed98fcfd3-dirty	1000000	6517050.0	1.1	1.107	1.084	0.75	13238272.0	1708224.0	13.0	298182.0	NA
macOS_F_NOCACHE	low-cardinality-string	65536	10	1	ParquetReaderOnlyScan/Uncompressed/real_time	b47ed98fcfd3-dirty	1000000	12362268.0	1.667	1.687	1.652	0.77	15777792.0	1708224.0	13.0	NA	741033.0
macOS_F_NOCACHE	low-cardinality-string	65536	10	1	ParquetReaderOnlyScan/ZSTD/real_time	b47ed98fcfd3-dirty	1000000	3020991.0	2.12	2.135	2.109	0.42	16924672.0	1708224.0	13.0	NA	193650.0
macOS_F_NOCACHE	low-cardinality-string	65536	10	4	ReaderOnlyScan/real_time	b47ed98fcfd3-dirty	1000000	6517050.0	12.116	12.501	11.757	2.33	12304384.0	3817472.0	13.0	799392.0	NA
macOS_F_NOCACHE	low-cardinality-string	65536	10	4	BoundedParallelReaderScan/4/real_time	b47ed98fcfd3-dirty	1000000	6517050.0	3.715	3.733	3.641	1.04	20152320.0	4560896.0	13.0	799392.0	NA
macOS_F_NOCACHE	low-cardinality-string	65536	10	4	ParquetReaderOnlyScan/Uncompressed/real_time	b47ed98fcfd3-dirty	1000000	12362268.0	6.09	6.177	6.01	0.99	23560192.0	4560896.0	13.0	NA	1004814.0
macOS_F_NOCACHE	low-cardinality-string	65536	10	4	ParquetReaderOnlyScan/ZSTD/real_time	b47ed98fcfd3-dirty	1000000	3020991.0	6.626	6.689	6.582	0.63	23773184.0	4560896.0	13.0	NA	205095.0
macOS_F_NOCACHE	low-cardinality-string	65536	50	1	ReaderOnlyScan/real_time	b47ed98fcfd3-dirty	1000000	6517050.0	12.392	12.461	12.265	0.56	9830400.0	1512320.0	7.0	741618.0	NA
macOS_F_NOCACHE	low-cardinality-string	65536	50	1	BoundedParallelReaderScan/4/real_time	b47ed98fcfd3-dirty	1000000	6517050.0	2.234	2.377	2.202	3.22	23429120.0	3896384.0	7.0	741618.0	NA
macOS_F_NOCACHE	low-cardinality-string	65536	50	1	ParquetReaderOnlyScan/Uncompressed/real_time	b47ed98fcfd3-dirty	1000000	12362268.0	5.741	5.889	5.683	1.45	26689536.0	3896384.0	7.0	NA	974386.0
macOS_F_NOCACHE	low-cardinality-string	65536	50	1	ParquetReaderOnlyScan/ZSTD/real_time	b47ed98fcfd3-dirty	1000000	3020991.0	6.298	6.31	6.271	0.25	27115520.0	3896384.0	7.0	NA	203557.0
macOS_F_NOCACHE	low-cardinality-string	65536	50	4	ReaderOnlyScan/real_time	b47ed98fcfd3-dirty	1000000	6517050.0	48.136	50.233	48.048	2.09	15138816.0	5920768.0	7.0	2573136.0	NA
macOS_F_NOCACHE	low-cardinality-string	65536	50	4	BoundedParallelReaderScan/4/real_time	b47ed98fcfd3-dirty	1000000	6517050.0	7.966	8.116	7.923	1.01	37584896.0	12507968.0	7.0	2573136.0	NA
macOS_F_NOCACHE	low-cardinality-string	65536	50	4	ParquetReaderOnlyScan/Uncompressed/real_time	b47ed98fcfd3-dirty	1000000	12362268.0	21.858	22.448	21.719	1.44	40550400.0	12507968.0	7.0	NA	1938226.0
macOS_F_NOCACHE	low-cardinality-string	65536	50	4	ParquetReaderOnlyScan/ZSTD/real_time	b47ed98fcfd3-dirty	1000000	3020991.0	23.1	23.418	22.7	1.2	40812544.0	12507968.0	7.0	NA	244699.0
macOS_F_NOCACHE	low-cardinality-string	65536	100	1	ReaderOnlyScan/real_time	b47ed98fcfd3-dirty	1000000	6517050.0	22.776	23.195	22.597	1.04	8142848.0	794688.0	0.0	1127848.0	NA
macOS_F_NOCACHE	low-cardinality-string	65536	100	1	BoundedParallelReaderScan/4/real_time	b47ed98fcfd3-dirty	1000000	6517050.0	4.002	4.178	3.975	2.23	19234816.0	3178752.0	0.0	1127848.0	NA
macOS_F_NOCACHE	low-cardinality-string	65536	100	1	ParquetReaderOnlyScan/Uncompressed/real_time	b47ed98fcfd3-dirty	1000000	12362268.0	10.197	10.61	10.094	2.13	23920640.0	3178752.0	0.0	NA	593526.0
macOS_F_NOCACHE	low-cardinality-string	65536	100	1	ParquetReaderOnlyScan/ZSTD/real_time	b47ed98fcfd3-dirty	1000000	3020991.0	10.649	10.748	10.553	0.67	24248320.0	3178752.0	0.0	NA	25269.0
macOS_F_NOCACHE	low-cardinality-string	65536	100	4	ReaderOnlyScan/real_time	b47ed98fcfd3-dirty	1000000	6517050.0	90.733	91.451	90.604	0.41	10436608.0	2947584.0	0.0	4511392.0	NA
macOS_F_NOCACHE	low-cardinality-string	65536	100	4	BoundedParallelReaderScan/4/real_time	b47ed98fcfd3-dirty	1000000	6517050.0	15.488	15.934	15.085	2.33	32178176.0	11790336.0	0.0	4511392.0	NA
macOS_F_NOCACHE	low-cardinality-string	65536	100	4	ParquetReaderOnlyScan/Uncompressed/real_time	b47ed98fcfd3-dirty	1000000	12362268.0	40.089	40.37	39.785	0.59	36257792.0	11790336.0	0.0	NA	2374104.0
macOS_F_NOCACHE	low-cardinality-string	65536	100	4	ParquetReaderOnlyScan/ZSTD/real_time	b47ed98fcfd3-dirty	1000000	3020991.0	40.999	41.141	40.591	0.5	36634624.0	11790336.0	0.0	NA	101012.0
macOS_F_NOCACHE	low-cardinality-string	262144	1	1	ReaderOnlyScan/real_time	b47ed98fcfd3-dirty	1000000	6755010.0	3.962	3.979	3.901	0.82	10698752.0	1880960.0	3.0	721010.0	NA
macOS_F_NOCACHE	low-cardinality-string	262144	1	1	BoundedParallelReaderScan/4/real_time	b47ed98fcfd3-dirty	1000000	6755010.0	2.22	2.253	2.199	0.92	12664832.0	1880960.0	3.0	721010.0	NA
macOS_F_NOCACHE	low-cardinality-string	262144	1	1	ParquetReaderOnlyScan/Uncompressed/real_time	b47ed98fcfd3-dirty	1000000	11466402.0	2.476	2.519	2.456	1.01	15351808.0	3273152.0	3.0	NA	2105904.0
macOS_F_NOCACHE	low-cardinality-string	262144	1	1	ParquetReaderOnlyScan/ZSTD/real_time	b47ed98fcfd3-dirty	1000000	2154661.0	3.804	3.83	3.772	0.59	15695872.0	3273152.0	3.0	NA	480240.0
macOS_F_NOCACHE	low-cardinality-string	262144	1	4	ReaderOnlyScan/real_time	b47ed98fcfd3-dirty	1000000	6755010.0	12.403	12.881	12.329	1.99	10944512.0	2209856.0	3.0	1442336.0	NA
macOS_F_NOCACHE	low-cardinality-string	262144	1	4	BoundedParallelReaderScan/4/real_time	b47ed98fcfd3-dirty	1000000	6755010.0	5.322	5.338	5.271	0.44	12861440.0	2209856.0	3.0	1442336.0	NA
macOS_F_NOCACHE	low-cardinality-string	262144	1	4	ParquetReaderOnlyScan/Uncompressed/real_time	b47ed98fcfd3-dirty	1000000	11466402.0	9.115	9.172	8.99	0.7	16039936.0	3840320.0	3.0	NA	2485251.0
macOS_F_NOCACHE	low-cardinality-string	262144	1	4	ParquetReaderOnlyScan/ZSTD/real_time	b47ed98fcfd3-dirty	1000000	2154661.0	10.449	10.808	10.378	1.71	16285696.0	3840320.0	3.0	NA	494369.0
macOS_F_NOCACHE	low-cardinality-string	262144	10	1	ReaderOnlyScan/real_time	b47ed98fcfd3-dirty	1000000	6755010.0	4.906	4.93	4.851	0.55	13090816.0	3169728.0	3.0	721010.0	NA
macOS_F_NOCACHE	low-cardinality-string	262144	10	1	BoundedParallelReaderScan/4/real_time	b47ed98fcfd3-dirty	1000000	6755010.0	3.178	3.197	3.159	0.48	15400960.0	3169728.0	3.0	721010.0	NA
macOS_F_NOCACHE	low-cardinality-string	262144	10	1	ParquetReaderOnlyScan/Uncompressed/real_time	b47ed98fcfd3-dirty	1000000	11466402.0	2.482	2.494	2.446	0.73	18104320.0	3273152.0	3.0	NA	2105904.0
macOS_F_NOCACHE	low-cardinality-string	262144	10	1	ParquetReaderOnlyScan/ZSTD/real_time	b47ed98fcfd3-dirty	1000000	2154661.0	3.796	3.904	3.789	1.42	18399232.0	3273152.0	3.0	NA	480240.0
macOS_F_NOCACHE	low-cardinality-string	262144	10	4	ReaderOnlyScan/real_time	b47ed98fcfd3-dirty	1000000	6755010.0	15.667	16.316	15.42	2.37	16875520.0	6454656.0	3.0	1442336.0	NA
macOS_F_NOCACHE	low-cardinality-string	262144	10	4	BoundedParallelReaderScan/4/real_time	b47ed98fcfd3-dirty	1000000	6755010.0	8.645	8.77	8.566	0.92	20578304.0	6454656.0	3.0	1442336.0	NA
macOS_F_NOCACHE	low-cardinality-string	262144	10	4	ParquetReaderOnlyScan/Uncompressed/real_time	b47ed98fcfd3-dirty	1000000	11466402.0	9.011	9.165	8.956	0.94	23756800.0	6454656.0	3.0	NA	2485251.0
macOS_F_NOCACHE	low-cardinality-string	262144	10	4	ParquetReaderOnlyScan/ZSTD/real_time	b47ed98fcfd3-dirty	1000000	2154661.0	10.522	10.715	10.41	1.14	23986176.0	6454656.0	3.0	NA	494369.0
macOS_F_NOCACHE	low-cardinality-string	262144	50	1	ReaderOnlyScan/real_time	b47ed98fcfd3-dirty	1000000	6755010.0	15.399	15.973	15.132	2.07	20938752.0	5848448.0	1.0	1420486.0	NA
macOS_F_NOCACHE	low-cardinality-string	262144	50	1	BoundedParallelReaderScan/4/real_time	b47ed98fcfd3-dirty	1000000	6755010.0	3.682	3.762	3.601	1.72	33275904.0	8616384.0	1.0	1420486.0	NA
macOS_F_NOCACHE	low-cardinality-string	262144	50	1	ParquetReaderOnlyScan/Uncompressed/real_time	b47ed98fcfd3-dirty	1000000	11466402.0	7.82	7.913	7.71	0.93	35979264.0	8616384.0	1.0	NA	2804947.0
macOS_F_NOCACHE	low-cardinality-string	262144	50	1	ParquetReaderOnlyScan/ZSTD/real_time	b47ed98fcfd3-dirty	1000000	2154661.0	9.518	10.095	9.458	2.87	36192256.0	8616384.0	1.0	NA	541444.0
macOS_F_NOCACHE	low-cardinality-string	262144	50	4	ReaderOnlyScan/real_time	b47ed98fcfd3-dirty	1000000	6755010.0	56.827	58.891	56.155	2.1	39190528.0	21474368.0	1.0	3912352.0	NA
macOS_F_NOCACHE	low-cardinality-string	262144	50	4	BoundedParallelReaderScan/4/real_time	b47ed98fcfd3-dirty	1000000	6755010.0	31.718	32.454	31.518	1.21	70287360.0	21474368.0	1.0	3912352.0	NA
macOS_F_NOCACHE	low-cardinality-string	262144	50	4	ParquetReaderOnlyScan/Uncompressed/real_time	b47ed98fcfd3-dirty	1000000	11466402.0	30.681	30.955	29.964	1.21	72859648.0	21474368.0	1.0	NA	4115458.0
macOS_F_NOCACHE	low-cardinality-string	262144	50	4	ParquetReaderOnlyScan/ZSTD/real_time	b47ed98fcfd3-dirty	1000000	2154661.0	32.406	32.491	32.147	0.35	73089024.0	21474368.0	1.0	NA	590818.0
macOS_F_NOCACHE	low-cardinality-string	262144	100	1	ReaderOnlyScan/real_time	b47ed98fcfd3-dirty	1000000	6755010.0	21.188	21.725	21.101	1.31	14450688.0	3178560.0	0.0	1125712.0	NA
macOS_F_NOCACHE	low-cardinality-string	262144	100	1	BoundedParallelReaderScan/4/real_time	b47ed98fcfd3-dirty	1000000	6755010.0	3.746	3.828	3.7	1.21	45432832.0	12513920.0	0.0	1125712.0	NA
macOS_F_NOCACHE	low-cardinality-string	262144	100	1	ParquetReaderOnlyScan/Uncompressed/real_time	b47ed98fcfd3-dirty	1000000	11466402.0	10.166	10.449	9.908	1.96	48201728.0	12513920.0	0.0	NA	592032.0
macOS_F_NOCACHE	low-cardinality-string	262144	100	1	ParquetReaderOnlyScan/ZSTD/real_time	b47ed98fcfd3-dirty	1000000	2154661.0	10.488	10.609	10.387	0.84	48480256.0	12513920.0	0.0	NA	22341.0
macOS_F_NOCACHE	low-cardinality-string	262144	100	4	ReaderOnlyScan/real_time	b47ed98fcfd3-dirty	1000000	6755010.0	86.009	86.869	85.793	0.52	25133056.0	11789184.0	0.0	4502848.0	NA
macOS_F_NOCACHE	low-cardinality-string	262144	100	4	BoundedParallelReaderScan/4/real_time	b47ed98fcfd3-dirty	1000000	6755010.0	52.381	52.644	51.867	0.56	30146560.0	11789184.0	0.0	4502848.0	NA
macOS_F_NOCACHE	low-cardinality-string	262144	100	4	ParquetReaderOnlyScan/Uncompressed/real_time	b47ed98fcfd3-dirty	1000000	11466402.0	40.132	40.74	39.962	0.85	32587776.0	11789184.0	0.0	NA	2368128.0
macOS_F_NOCACHE	low-cardinality-string	262144	100	4	ParquetReaderOnlyScan/ZSTD/real_time	b47ed98fcfd3-dirty	1000000	2154661.0	40.912	40.942	40.857	0.09	32784384.0	11789184.0	0.0	NA	89348.0
macOS_F_NOCACHE	variable-string	1024	1	1	ReaderOnlyScan/real_time	b47ed98fcfd3-dirty	1000000	305391727.0	1.405	1.444	1.388	1.65	9256960.0	663360.0	966.0	822611.0	NA
macOS_F_NOCACHE	variable-string	1024	1	1	BoundedParallelReaderScan/4/real_time	b47ed98fcfd3-dirty	1000000	305391727.0	0.894	0.901	0.884	0.73	19283968.0	825792.0	966.0	822611.0	NA
macOS_F_NOCACHE	variable-string	1024	1	1	ParquetReaderOnlyScan/Uncompressed/real_time	b47ed98fcfd3-dirty	1000000	303117118.0	0.997	1.014	0.98	1.17	28344320.0	1237120.0	966.0	NA	799123.0
macOS_F_NOCACHE	variable-string	1024	1	1	ParquetReaderOnlyScan/ZSTD/real_time	b47ed98fcfd3-dirty	1000000	180581463.0	1.384	1.389	1.362	0.66	29114368.0	1237120.0	966.0	NA	478521.0
macOS_F_NOCACHE	variable-string	1024	1	4	ReaderOnlyScan/real_time	b47ed98fcfd3-dirty	1000000	305391727.0	5.183	5.33	5.013	2.37	14450688.0	2652928.0	966.0	3286360.0	NA
macOS_F_NOCACHE	variable-string	1024	1	4	BoundedParallelReaderScan/4/real_time	b47ed98fcfd3-dirty	1000000	305391727.0	2.22	2.315	2.176	2.52	27443200.0	3302464.0	966.0	3286360.0	NA
macOS_F_NOCACHE	variable-string	1024	1	4	ParquetReaderOnlyScan/Uncompressed/real_time	b47ed98fcfd3-dirty	1000000	303117118.0	1.845	1.869	1.799	1.39	37289984.0	4278016.0	966.0	NA	3167823.0
macOS_F_NOCACHE	variable-string	1024	1	4	ParquetReaderOnlyScan/ZSTD/real_time	b47ed98fcfd3-dirty	1000000	180581463.0	3.388	3.405	3.366	0.43	37650432.0	4278016.0	966.0	NA	1907051.0
macOS_F_NOCACHE	variable-string	1024	10	1	ReaderOnlyScan/real_time	b47ed98fcfd3-dirty	1000000	305391727.0	16.443	16.828	15.78	2.25	10125312.0	663552.0	878.0	7664141.0	NA
macOS_F_NOCACHE	variable-string	1024	10	1	BoundedParallelReaderScan/4/real_time	b47ed98fcfd3-dirty	1000000	305391727.0	5.403	5.481	5.351	0.89	21413888.0	945856.0	878.0	7664141.0	NA
macOS_F_NOCACHE	variable-string	1024	10	1	ParquetReaderOnlyScan/Uncompressed/real_time	b47ed98fcfd3-dirty	1000000	303117118.0	4.26	4.317	4.143	1.59	35471360.0	7817280.0	878.0	NA	7376625.0
macOS_F_NOCACHE	variable-string	1024	10	1	ParquetReaderOnlyScan/ZSTD/real_time	b47ed98fcfd3-dirty	1000000	180581463.0	7.89	7.981	7.765	1.02	36175872.0	7817280.0	878.0	NA	4444876.0
macOS_F_NOCACHE	variable-string	1024	10	4	ReaderOnlyScan/real_time	b47ed98fcfd3-dirty	1000000	305391727.0	61.35	62.117	60.544	0.91	15106048.0	2652992.0	878.0	30651588.0	NA
macOS_F_NOCACHE	variable-string	1024	10	4	BoundedParallelReaderScan/4/real_time	b47ed98fcfd3-dirty	1000000	305391727.0	20.627	21.061	20.533	1.12	33095680.0	3599744.0	878.0	30651588.0	NA
macOS_F_NOCACHE	variable-string	1024	10	4	ParquetReaderOnlyScan/Uncompressed/real_time	b47ed98fcfd3-dirty	1000000	303117118.0	13.55	16.255	13.043	10.59	58556416.0	30589504.0	878.0	NA	29476939.0
macOS_F_NOCACHE	variable-string	1024	10	4	ParquetReaderOnlyScan/ZSTD/real_time	b47ed98fcfd3-dirty	1000000	180581463.0	26.9	28.907	26.53	4.06	59195392.0	30589504.0	878.0	NA	17773308.0
macOS_F_NOCACHE	variable-string	1024	50	1	ReaderOnlyScan/real_time	b47ed98fcfd3-dirty	1000000	305391727.0	79.618	80.858	78.844	1.03	10338304.0	663488.0	488.0	37983919.0	NA
macOS_F_NOCACHE	variable-string	1024	50	1	BoundedParallelReaderScan/4/real_time	b47ed98fcfd3-dirty	1000000	305391727.0	24.386	24.745	24.094	1.07	23560192.0	884160.0	488.0	37983919.0	NA
macOS_F_NOCACHE	variable-string	1024	50	1	ParquetReaderOnlyScan/Uncompressed/real_time	b47ed98fcfd3-dirty	1000000	303117118.0	19.275	29.007	19.179	22.26	113115136.0	36832576.0	488.0	NA	36526289.0
macOS_F_NOCACHE	variable-string	1024	50	1	ParquetReaderOnlyScan/ZSTD/real_time	b47ed98fcfd3-dirty	1000000	180581463.0	38.367	42.789	37.403	6.43	114573312.0	36832576.0	488.0	NA	22020971.0
macOS_F_NOCACHE	variable-string	1024	50	4	ReaderOnlyScan/real_time	b47ed98fcfd3-dirty	1000000	305391727.0	308.23	311.929	301.179	1.28	15941632.0	2653440.0	488.0	151931345.0	NA
macOS_F_NOCACHE	variable-string	1024	50	4	BoundedParallelReaderScan/4/real_time	b47ed98fcfd3-dirty	1000000	305391727.0	99.749	100.232	98.666	0.56	36618240.0	3600000.0	488.0	151931345.0	NA
macOS_F_NOCACHE	variable-string	1024	50	4	ParquetReaderOnlyScan/Uncompressed/real_time	b47ed98fcfd3-dirty	1000000	303117118.0	66.983	87.46	65.297	14.59	217235456.0	147340608.0	488.0	NA	146076240.0
macOS_F_NOCACHE	variable-string	1024	50	4	ParquetReaderOnlyScan/ZSTD/real_time	b47ed98fcfd3-dirty	1000000	180581463.0	134.894	146.578	133.836	4.13	285147136.0	147340608.0	488.0	NA	88094250.0
macOS_F_NOCACHE	variable-string	1024	100	1	ReaderOnlyScan/real_time	b47ed98fcfd3-dirty	1000000	305391727.0	158.237	159.887	156.733	0.77	9977856.0	590208.0	0.0	75921211.0	NA
macOS_F_NOCACHE	variable-string	1024	100	1	BoundedParallelReaderScan/4/real_time	b47ed98fcfd3-dirty	1000000	305391727.0	48.006	48.067	47.251	0.64	24543232.0	859776.0	0.0	75921211.0	NA
macOS_F_NOCACHE	variable-string	1024	100	1	ParquetReaderOnlyScan/Uncompressed/real_time	b47ed98fcfd3-dirty	1000000	303117118.0	38.828	52.003	38.366	16.66	153403392.0	73618752.0	0.0	NA	72991241.0
macOS_F_NOCACHE	variable-string	1024	100	1	ParquetReaderOnlyScan/ZSTD/real_time	b47ed98fcfd3-dirty	1000000	180581463.0	74.994	81.729	74.067	4.72	205242368.0	73618752.0	0.0	NA	44086298.0
macOS_F_NOCACHE	variable-string	1024	100	4	ReaderOnlyScan/real_time	b47ed98fcfd3-dirty	1000000	305391727.0	609.38	614.741	606.628	0.52	15253504.0	2359232.0	0.0	303684201.0	NA
macOS_F_NOCACHE	variable-string	1024	100	4	BoundedParallelReaderScan/4/real_time	b47ed98fcfd3-dirty	1000000	305391727.0	196.465	198.301	195.397	0.59	32784384.0	3304768.0	0.0	303684201.0	NA
macOS_F_NOCACHE	variable-string	1024	100	4	ParquetReaderOnlyScan/Uncompressed/real_time	b47ed98fcfd3-dirty	1000000	303117118.0	146.249	229.602	131.669	28.47	380387328.0	293815296.0	0.0	NA	291964321.0
macOS_F_NOCACHE	variable-string	1024	100	4	ParquetReaderOnlyScan/ZSTD/real_time	b47ed98fcfd3-dirty	1000000	180581463.0	272.593	309.526	270.848	7.07	552337408.0	293815296.0	0.0	NA	176367709.0
macOS_F_NOCACHE	variable-string	8192	1	1	ReaderOnlyScan/real_time	b47ed98fcfd3-dirty	1000000	305257527.0	1.179	1.261	1.059	7.77	10551296.0	1171072.0	120.0	1300613.0	NA
macOS_F_NOCACHE	variable-string	8192	1	1	BoundedParallelReaderScan/4/real_time	b47ed98fcfd3-dirty	1000000	305257527.0	0.733	0.737	0.732	0.34	15073280.0	1212672.0	120.0	1300613.0	NA
macOS_F_NOCACHE	variable-string	8192	1	1	ParquetReaderOnlyScan/Uncompressed/real_time	b47ed98fcfd3-dirty	1000000	303079433.0	0.513	0.514	0.506	0.58	18939904.0	2036480.0	120.0	NA	1322027.0
macOS_F_NOCACHE	variable-string	8192	1	1	ParquetReaderOnlyScan/ZSTD/real_time	b47ed98fcfd3-dirty	1000000	179901391.0	1.151	1.161	1.14	0.65	20480000.0	2391552.0	120.0	NA	770143.0
macOS_F_NOCACHE	variable-string	8192	1	4	ReaderOnlyScan/real_time	b47ed98fcfd3-dirty	1000000	305257527.0	4.653	4.679	4.627	0.46	12746752.0	3889088.0	120.0	5162398.0	NA
macOS_F_NOCACHE	variable-string	8192	1	4	BoundedParallelReaderScan/4/real_time	b47ed98fcfd3-dirty	1000000	305257527.0	2.59	2.608	2.578	0.47	19431424.0	4055808.0	120.0	5162398.0	NA
macOS_F_NOCACHE	variable-string	8192	1	4	ParquetReaderOnlyScan/Uncompressed/real_time	b47ed98fcfd3-dirty	1000000	303079433.0	1.891	1.903	1.74	3.23	23740416.0	6876608.0	120.0	NA	5051383.0
macOS_F_NOCACHE	variable-string	8192	1	4	ParquetReaderOnlyScan/ZSTD/real_time	b47ed98fcfd3-dirty	1000000	179901391.0	4.156	4.297	4.107	1.94	25640960.0	8272256.0	120.0	NA	3014597.0
macOS_F_NOCACHE	variable-string	8192	10	1	ReaderOnlyScan/real_time	b47ed98fcfd3-dirty	1000000	305257527.0	7.938	7.977	7.765	0.92	12222464.0	1671744.0	109.0	8139812.0	NA
macOS_F_NOCACHE	variable-string	8192	10	1	BoundedParallelReaderScan/4/real_time	b47ed98fcfd3-dirty	1000000	305257527.0	3.157	3.209	3.032	1.85	24543232.0	2396352.0	109.0	8139812.0	NA
macOS_F_NOCACHE	variable-string	8192	10	1	ParquetReaderOnlyScan/Uncompressed/real_time	b47ed98fcfd3-dirty	1000000	303079433.0	2.758	2.846	2.731	1.64	31506432.0	8466240.0	109.0	NA	7927705.0
macOS_F_NOCACHE	variable-string	8192	10	1	ParquetReaderOnlyScan/ZSTD/real_time	b47ed98fcfd3-dirty	1000000	179901391.0	6.516	6.558	6.46	0.54	31719424.0	8466240.0	109.0	NA	4747521.0
macOS_F_NOCACHE	variable-string	8192	10	4	ReaderOnlyScan/real_time	b47ed98fcfd3-dirty	1000000	305257527.0	32.286	32.786	32.236	0.74	16908288.0	5890688.0	109.0	32518606.0	NA
macOS_F_NOCACHE	variable-string	8192	10	4	BoundedParallelReaderScan/4/real_time	b47ed98fcfd3-dirty	1000000	305257527.0	11.438	11.527	11.358	0.59	39010304.0	11356864.0	109.0	32518606.0	NA
macOS_F_NOCACHE	variable-string	8192	10	4	ParquetReaderOnlyScan/Uncompressed/real_time	b47ed98fcfd3-dirty	1000000	303079433.0	11.834	13.383	11.488	7.1	74334208.0	33296832.0	109.0	NA	31473507.0
macOS_F_NOCACHE	variable-string	8192	10	4	ParquetReaderOnlyScan/ZSTD/real_time	b47ed98fcfd3-dirty	1000000	179901391.0	25.765	26.618	25.522	1.86	76087296.0	33296832.0	109.0	NA	18918301.0
macOS_F_NOCACHE	variable-string	8192	50	1	ReaderOnlyScan/real_time	b47ed98fcfd3-dirty	1000000	305257527.0	37.997	38.419	37.677	0.73	12615680.0	1671872.0	61.0	37982287.0	NA
macOS_F_NOCACHE	variable-string	8192	50	1	BoundedParallelReaderScan/4/real_time	b47ed98fcfd3-dirty	1000000	305257527.0	12.057	12.576	12.005	2.15	28344320.0	2913536.0	61.0	37982287.0	NA
macOS_F_NOCACHE	variable-string	8192	50	1	ParquetReaderOnlyScan/Uncompressed/real_time	b47ed98fcfd3-dirty	1000000	303079433.0	13.564	17.737	13.378	14.53	76431360.0	37291264.0	61.0	NA	36751172.0
macOS_F_NOCACHE	variable-string	8192	50	1	ParquetReaderOnlyScan/ZSTD/real_time	b47ed98fcfd3-dirty	1000000	179901391.0	30.295	31.091	30.225	1.25	78069760.0	37291264.0	61.0	NA	22103570.0
macOS_F_NOCACHE	variable-string	8192	50	4	ReaderOnlyScan/real_time	b47ed98fcfd3-dirty	1000000	305257527.0	153.415	153.811	152.68	0.24	18939904.0	5891520.0	61.0	151888721.0	NA
macOS_F_NOCACHE	variable-string	8192	50	4	BoundedParallelReaderScan/4/real_time	b47ed98fcfd3-dirty	1000000	305257527.0	46.995	47.063	46.93	0.11	56016896.0	12273920.0	61.0	151888721.0	NA
macOS_F_NOCACHE	variable-string	8192	50	4	ParquetReaderOnlyScan/Uncompressed/real_time	b47ed98fcfd3-dirty	1000000	303079433.0	55.528	70.645	54.663	13.56	192118784.0	148592320.0	61.0	NA	146767590.0
macOS_F_NOCACHE	variable-string	8192	50	4	ParquetReaderOnlyScan/ZSTD/real_time	b47ed98fcfd3-dirty	1000000	179901391.0	123.195	128.892	120.575	2.91	204144640.0	148592320.0	61.0	NA	88316100.0
macOS_F_NOCACHE	variable-string	8192	100	1	ReaderOnlyScan/real_time	b47ed98fcfd3-dirty	1000000	305257527.0	75.511	76.149	75.212	0.52	10780672.0	1082432.0	0.0	75893883.0	NA
macOS_F_NOCACHE	variable-string	8192	100	1	BoundedParallelReaderScan/4/real_time	b47ed98fcfd3-dirty	1000000	305257527.0	22.662	22.746	22.557	0.29	27525120.0	1671616.0	0.0	75893883.0	NA
macOS_F_NOCACHE	variable-string	8192	100	1	ParquetReaderOnlyScan/Uncompressed/real_time	b47ed98fcfd3-dirty	1000000	303079433.0	27.971	35.58	27.818	13.86	110739456.0	74524032.0	0.0	NA	73302224.0
macOS_F_NOCACHE	variable-string	8192	100	1	ParquetReaderOnlyScan/ZSTD/real_time	b47ed98fcfd3-dirty	1000000	179901391.0	61.682	62.808	61.439	1.01	113213440.0	74524032.0	0.0	NA	44275893.0
macOS_F_NOCACHE	variable-string	8192	100	4	ReaderOnlyScan/real_time	b47ed98fcfd3-dirty	1000000	305257527.0	301.933	303.47	300.283	0.44	15040512.0	2850496.0	0.0	303574889.0	NA
macOS_F_NOCACHE	variable-string	8192	100	4	BoundedParallelReaderScan/4/real_time	b47ed98fcfd3-dirty	1000000	305257527.0	90.327	90.587	90.093	0.21	40271872.0	8804288.0	0.0	303574889.0	NA
macOS_F_NOCACHE	variable-string	8192	100	4	ParquetReaderOnlyScan/Uncompressed/real_time	b47ed98fcfd3-dirty	1000000	303079433.0	112.376	140.162	109.038	11.61	343195648.0	297516416.0	0.0	NA	293208253.0
macOS_F_NOCACHE	variable-string	8192	100	4	ParquetReaderOnlyScan/ZSTD/real_time	b47ed98fcfd3-dirty	1000000	179901391.0	242.415	266.267	240.854	5.19	365821952.0	297516416.0	0.0	NA	177035867.0
macOS_F_NOCACHE	variable-string	65536	1	1	ReaderOnlyScan/real_time	b47ed98fcfd3-dirty	1000000	305566851.0	1.138	1.149	1.118	1.01	9912320.0	1225600.0	15.0	1319037.0	NA
macOS_F_NOCACHE	variable-string	65536	1	1	BoundedParallelReaderScan/4/real_time	b47ed98fcfd3-dirty	1000000	305566851.0	1.198	1.214	1.173	1.17	12091392.0	1225600.0	15.0	1319037.0	NA
macOS_F_NOCACHE	variable-string	65536	1	1	ParquetReaderOnlyScan/Uncompressed/real_time	b47ed98fcfd3-dirty	1000000	298731189.0	0.426	0.446	0.421	2.3	15712256.0	3484224.0	15.0	NA	1410165.0
macOS_F_NOCACHE	variable-string	65536	1	1	ParquetReaderOnlyScan/ZSTD/real_time	b47ed98fcfd3-dirty	1000000	175576394.0	1.123	1.135	1.111	0.81	16416768.0	4104768.0	15.0	NA	796308.0
macOS_F_NOCACHE	variable-string	65536	1	4	ReaderOnlyScan/real_time	b47ed98fcfd3-dirty	1000000	305566851.0	3.994	4.074	3.966	1.15	12091392.0	3383424.0	15.0	5180630.0	NA
macOS_F_NOCACHE	variable-string	65536	1	4	BoundedParallelReaderScan/4/real_time	b47ed98fcfd3-dirty	1000000	305566851.0	4.027	4.107	3.98	1.24	14860288.0	3383424.0	15.0	5180630.0	NA
macOS_F_NOCACHE	variable-string	65536	1	4	ParquetReaderOnlyScan/Uncompressed/real_time	b47ed98fcfd3-dirty	1000000	298731189.0	1.609	1.661	1.582	1.9	24444928.0	12139008.0	15.0	NA	5137988.0
macOS_F_NOCACHE	variable-string	65536	1	4	ParquetReaderOnlyScan/ZSTD/real_time	b47ed98fcfd3-dirty	1000000	175576394.0	4.011	4.074	3.991	0.83	28590080.0	14570880.0	15.0	NA	3038937.0
macOS_F_NOCACHE	variable-string	65536	10	1	ReaderOnlyScan/real_time	b47ed98fcfd3-dirty	1000000	305566851.0	6.091	6.223	6.039	1.16	28573696.0	9917632.0	13.0	11365612.0	NA
macOS_F_NOCACHE	variable-string	65536	10	1	BoundedParallelReaderScan/4/real_time	b47ed98fcfd3-dirty	1000000	305566851.0	3.13	3.239	3.116	1.73	44548096.0	11137088.0	13.0	11365612.0	NA
macOS_F_NOCACHE	variable-string	65536	10	1	ParquetReaderOnlyScan/Uncompressed/real_time	b47ed98fcfd3-dirty	1000000	298731189.0	2.759	2.823	2.709	1.7	46923776.0	11137088.0	13.0	NA	11353255.0
macOS_F_NOCACHE	variable-string	65536	10	1	ParquetReaderOnlyScan/ZSTD/real_time	b47ed98fcfd3-dirty	1000000	175576394.0	8.149	9.491	8.055	8.54	47431680.0	11137088.0	13.0	NA	6574773.0
macOS_F_NOCACHE	variable-string	65536	10	4	ReaderOnlyScan/real_time	b47ed98fcfd3-dirty	1000000	305566851.0	23.255	28.511	22.856	11.57	68009984.0	27827840.0	13.0	45068270.0	NA
macOS_F_NOCACHE	variable-string	65536	10	4	BoundedParallelReaderScan/4/real_time	b47ed98fcfd3-dirty	1000000	305566851.0	19.314	19.626	19.117	1.07	72368128.0	32705792.0	13.0	45068270.0	NA
macOS_F_NOCACHE	variable-string	65536	10	4	ParquetReaderOnlyScan/Uncompressed/real_time	b47ed98fcfd3-dirty	1000000	298731189.0	11.729	16.119	11.606	18.68	74612736.0	32705792.0	13.0	NA	43452860.0
macOS_F_NOCACHE	variable-string	65536	10	4	ParquetReaderOnlyScan/ZSTD/real_time	b47ed98fcfd3-dirty	1000000	175576394.0	31.301	34.167	31.145	4.73	75694080.0	32705792.0	13.0	NA	25719215.0
macOS_F_NOCACHE	variable-string	65536	50	1	ReaderOnlyScan/real_time	b47ed98fcfd3-dirty	1000000	305566851.0	22.662	26.935	22.418	9.75	32325632.0	13370752.0	7.0	41206795.0	NA
macOS_F_NOCACHE	variable-string	65536	50	1	BoundedParallelReaderScan/4/real_time	b47ed98fcfd3-dirty	1000000	305566851.0	7.618	7.867	7.466	2.04	122077184.0	27813440.0	7.0	41206795.0	NA
macOS_F_NOCACHE	variable-string	65536	50	1	ParquetReaderOnlyScan/Uncompressed/real_time	b47ed98fcfd3-dirty	1000000	298731189.0	10.509	13.062	10.285	12.72	128466944.0	36248960.0	7.0	NA	39725190.0
macOS_F_NOCACHE	variable-string	65536	50	1	ParquetReaderOnlyScan/ZSTD/real_time	b47ed98fcfd3-dirty	1000000	175576394.0	28.509	29.669	28.408	2.13	129024000.0	36248960.0	7.0	NA	23485965.0
macOS_F_NOCACHE	variable-string	65536	50	4	ReaderOnlyScan/real_time	b47ed98fcfd3-dirty	1000000	305566851.0	89.526	100.33	88.616	6.29	72466432.0	41639808.0	7.0	164433973.0	NA
macOS_F_NOCACHE	variable-string	65536	50	4	BoundedParallelReaderScan/4/real_time	b47ed98fcfd3-dirty	1000000	305566851.0	86.163	87.53	85.333	1.01	107151360.0	46517120.0	7.0	164433973.0	NA
macOS_F_NOCACHE	variable-string	65536	50	4	ParquetReaderOnlyScan/Uncompressed/real_time	b47ed98fcfd3-dirty	1000000	298731189.0	43.268	57.495	42.465	16.75	210206720.0	144205696.0	7.0	NA	156941571.0
macOS_F_NOCACHE	variable-string	65536	50	4	ParquetReaderOnlyScan/ZSTD/real_time	b47ed98fcfd3-dirty	1000000	175576394.0	113.456	117.793	113.083	2.03	216023040.0	144205696.0	7.0	NA	93338384.0
macOS_F_NOCACHE	variable-string	65536	100	1	ReaderOnlyScan/real_time	b47ed98fcfd3-dirty	1000000	305566851.0	42.392	46.969	41.577	5.8	26607616.0	8659008.0	0.0	75890459.0	NA
macOS_F_NOCACHE	variable-string	65536	100	1	BoundedParallelReaderScan/4/real_time	b47ed98fcfd3-dirty	1000000	305566851.0	14.188	15.43	13.909	4.31	125861888.0	22824192.0	0.0	75890459.0	NA
macOS_F_NOCACHE	variable-string	65536	100	1	ParquetReaderOnlyScan/Uncompressed/real_time	b47ed98fcfd3-dirty	1000000	298731189.0	19.28	21.476	19.056	5.97	129138688.0	74078848.0	0.0	NA	72172785.0
macOS_F_NOCACHE	variable-string	65536	100	1	ParquetReaderOnlyScan/ZSTD/real_time	b47ed98fcfd3-dirty	1000000	175576394.0	51.537	52.797	51.133	1.31	129843200.0	74078848.0	0.0	NA	43174292.0
macOS_F_NOCACHE	variable-string	65536	100	4	ReaderOnlyScan/real_time	b47ed98fcfd3-dirty	1000000	305566851.0	168.527	180.973	166.184	3.97	60653568.0	22794240.0	0.0	303561193.0	NA
macOS_F_NOCACHE	variable-string	65536	100	4	BoundedParallelReaderScan/4/real_time	b47ed98fcfd3-dirty	1000000	305566851.0	166.566	166.854	165.511	0.33	72187904.0	27671616.0	0.0	303561193.0	NA
macOS_F_NOCACHE	variable-string	65536	100	4	ParquetReaderOnlyScan/Uncompressed/real_time	b47ed98fcfd3-dirty	1000000	298731189.0	77.151	122.918	76.45	24.07	331710464.0	295523456.0	0.0	NA	288690497.0
macOS_F_NOCACHE	variable-string	65536	100	4	ParquetReaderOnlyScan/ZSTD/real_time	b47ed98fcfd3-dirty	1000000	175576394.0	206.025	241.704	205.438	8.88	351125504.0	295523456.0	0.0	NA	172603851.0
macOS_F_NOCACHE	variable-string	262144	1	1	ReaderOnlyScan/real_time	b47ed98fcfd3-dirty	1000000	305811819.0	5.189	8.834	5.138	32.27	28114944.0	2798464.0	3.0	16688112.0	NA
macOS_F_NOCACHE	variable-string	262144	1	1	BoundedParallelReaderScan/4/real_time	b47ed98fcfd3-dirty	1000000	305811819.0	5.374	5.609	5.287	2.53	30179328.0	2798464.0	3.0	16688112.0	NA
macOS_F_NOCACHE	variable-string	262144	1	1	ParquetReaderOnlyScan/Uncompressed/real_time	b47ed98fcfd3-dirty	1000000	296610872.0	3.911	3.94	3.763	1.68	48807936.0	21099008.0	3.0	NA	17331747.0
macOS_F_NOCACHE	variable-string	262144	1	1	ParquetReaderOnlyScan/ZSTD/real_time	b47ed98fcfd3-dirty	1000000	173511260.0	12.071	12.274	11.991	1.0	49283072.0	21099008.0	3.0	NA	9604031.0
macOS_F_NOCACHE	variable-string	262144	1	4	ReaderOnlyScan/real_time	b47ed98fcfd3-dirty	1000000	305811819.0	18.352	26.107	18.055	21.22	30310400.0	4956288.0	3.0	65311175.0	NA
macOS_F_NOCACHE	variable-string	262144	1	4	BoundedParallelReaderScan/4/real_time	b47ed98fcfd3-dirty	1000000	305811819.0	18.471	18.548	18.002	1.19	30621696.0	4956288.0	3.0	65311175.0	NA
macOS_F_NOCACHE	variable-string	262144	1	4	ParquetReaderOnlyScan/Uncompressed/real_time	b47ed98fcfd3-dirty	1000000	296610872.0	16.005	21.947	15.856	18.67	101613568.0	72083008.0	3.0	NA	63389054.0
macOS_F_NOCACHE	variable-string	262144	1	4	ParquetReaderOnlyScan/ZSTD/real_time	b47ed98fcfd3-dirty	1000000	173511260.0	44.116	44.578	43.878	0.63	101646336.0	72083008.0	3.0	NA	36974722.0
macOS_F_NOCACHE	variable-string	262144	10	1	ReaderOnlyScan/real_time	b47ed98fcfd3-dirty	1000000	305811819.0	6.68	6.764	6.59	0.92	42975232.0	10509760.0	3.0	16688112.0	NA
macOS_F_NOCACHE	variable-string	262144	10	1	BoundedParallelReaderScan/4/real_time	b47ed98fcfd3-dirty	1000000	305811819.0	6.75	6.802	6.615	1.06	46333952.0	10509760.0	3.0	16688112.0	NA
macOS_F_NOCACHE	variable-string	262144	10	1	ParquetReaderOnlyScan/Uncompressed/real_time	b47ed98fcfd3-dirty	1000000	296610872.0	3.873	3.935	3.764	1.62	49856512.0	21099008.0	3.0	NA	17331747.0
macOS_F_NOCACHE	variable-string	262144	10	1	ParquetReaderOnlyScan/ZSTD/real_time	b47ed98fcfd3-dirty	1000000	173511260.0	12.082	12.295	11.936	1.16	50020352.0	21099008.0	3.0	NA	9604031.0
macOS_F_NOCACHE	variable-string	262144	10	4	ReaderOnlyScan/real_time	b47ed98fcfd3-dirty	1000000	305811819.0	23.856	26.458	23.619	5.74	77791232.0	32077888.0	3.0	65311175.0	NA
macOS_F_NOCACHE	variable-string	262144	10	4	BoundedParallelReaderScan/4/real_time	b47ed98fcfd3-dirty	1000000	305811819.0	23.839	23.977	23.464	0.77	78086144.0	32077888.0	3.0	65311175.0	NA
macOS_F_NOCACHE	variable-string	262144	10	4	ParquetReaderOnlyScan/Uncompressed/real_time	b47ed98fcfd3-dirty	1000000	296610872.0	16.572	17.056	16.421	1.65	119357440.0	72083008.0	3.0	NA	63389054.0
macOS_F_NOCACHE	variable-string	262144	10	4	ParquetReaderOnlyScan/ZSTD/real_time	b47ed98fcfd3-dirty	1000000	173511260.0	43.803	44.357	43.64	0.68	119390208.0	72083008.0	3.0	NA	36974722.0
macOS_F_NOCACHE	variable-string	262144	50	1	ReaderOnlyScan/real_time	b47ed98fcfd3-dirty	1000000	305811819.0	24.58	32.495	24.503	16.24	104071168.0	36503936.0	1.0	56585654.0	NA
macOS_F_NOCACHE	variable-string	262144	50	1	BoundedParallelReaderScan/4/real_time	b47ed98fcfd3-dirty	1000000	305811819.0	25.083	25.787	24.073	2.65	137854976.0	36503936.0	1.0	56585654.0	NA
macOS_F_NOCACHE	variable-string	262144	50	1	ParquetReaderOnlyScan/Uncompressed/real_time	b47ed98fcfd3-dirty	1000000	296610872.0	13.195	19.6	13.019	23.78	141606912.0	36875328.0	1.0	NA	55397649.0
macOS_F_NOCACHE	variable-string	262144	50	1	ParquetReaderOnlyScan/ZSTD/real_time	b47ed98fcfd3-dirty	1000000	173511260.0	38.232	38.378	38.068	0.29	141606912.0	36875328.0	1.0	NA	32052395.0
macOS_F_NOCACHE	variable-string	262144	50	4	ReaderOnlyScan/real_time	b47ed98fcfd3-dirty	1000000	305811819.0	93.114	119.787	92.166	13.93	237125632.0	139101248.0	1.0	224573695.0	NA
macOS_F_NOCACHE	variable-string	262144	50	4	BoundedParallelReaderScan/4/real_time	b47ed98fcfd3-dirty	1000000	305811819.0	93.725	96.773	92.743	1.82	237387776.0	139101248.0	1.0	224573695.0	NA
macOS_F_NOCACHE	variable-string	262144	50	4	ParquetReaderOnlyScan/Uncompressed/real_time	b47ed98fcfd3-dirty	1000000	296610872.0	52.676	68.106	52.183	14.99	252542976.0	144375360.0	1.0	NA	214486937.0
macOS_F_NOCACHE	variable-string	262144	50	4	ParquetReaderOnlyScan/ZSTD/real_time	b47ed98fcfd3-dirty	1000000	173511260.0	148.881	150.424	148.2	0.58	261668864.0	144375360.0	1.0	NA	126584985.0
macOS_F_NOCACHE	variable-string	262144	100	1	ReaderOnlyScan/real_time	b47ed98fcfd3-dirty	1000000	305811819.0	38.157	43.112	37.695	6.63	86097920.0	34635840.0	0.0	75890075.0	NA
macOS_F_NOCACHE	variable-string	262144	100	1	BoundedParallelReaderScan/4/real_time	b47ed98fcfd3-dirty	1000000	305811819.0	38.053	38.429	37.771	0.67	93159424.0	34635840.0	0.0	75890075.0	NA
macOS_F_NOCACHE	variable-string	262144	100	1	ParquetReaderOnlyScan/Uncompressed/real_time	b47ed98fcfd3-dirty	1000000	296610872.0	17.631	21.205	17.268	10.86	116162560.0	74552768.0	0.0	NA	71868308.0
macOS_F_NOCACHE	variable-string	262144	100	1	ParquetReaderOnlyScan/ZSTD/real_time	b47ed98fcfd3-dirty	1000000	173511260.0	49.257	50.407	49.055	1.13	127582208.0	74552768.0	0.0	NA	42873941.0
macOS_F_NOCACHE	variable-string	262144	100	4	ReaderOnlyScan/real_time	b47ed98fcfd3-dirty	1000000	305811819.0	151.143	167.185	150.01	5.3	177045504.0	91172864.0	0.0	303559657.0	NA
macOS_F_NOCACHE	variable-string	262144	100	4	BoundedParallelReaderScan/4/real_time	b47ed98fcfd3-dirty	1000000	305811819.0	152.63	153.852	150.89	0.66	177340416.0	91172864.0	0.0	303559657.0	NA
macOS_F_NOCACHE	variable-string	262144	100	4	ParquetReaderOnlyScan/Uncompressed/real_time	b47ed98fcfd3-dirty	1000000	296610872.0	70.768	126.238	70.525	30.19	389070848.0	295084096.0	0.0	NA	287472589.0
macOS_F_NOCACHE	variable-string	262144	100	4	ParquetReaderOnlyScan/ZSTD/real_time	b47ed98fcfd3-dirty	1000000	173511260.0	199.106	201.704	198.057	0.74	419119104.0	295084096.0	0.0	NA	171405999.0
macOS_F_NOCACHE	long-run-int	1024	1	1	ReaderOnlyScan/real_time	b47ed98fcfd3-dirty	1000000	2004582.0	0.36	0.365	0.346	1.98	8060928.0	74624.0	966.0	2168.0	NA
macOS_F_NOCACHE	long-run-int	1024	1	1	BoundedParallelReaderScan/4/real_time	b47ed98fcfd3-dirty	1000000	2004582.0	0.492	0.498	0.484	1.06	11567104.0	87552.0	966.0	2168.0	NA
macOS_F_NOCACHE	long-run-int	1024	1	1	ParquetReaderOnlyScan/Uncompressed/real_time	b47ed98fcfd3-dirty	1000000	10400350.0	0.732	0.751	0.722	1.58	18759680.0	692736.0	966.0	NA	10209.0
macOS_F_NOCACHE	long-run-int	1024	1	1	ParquetReaderOnlyScan/ZSTD/real_time	b47ed98fcfd3-dirty	1000000	3532990.0	0.702	0.711	0.696	0.9	19496960.0	692736.0	966.0	NA	3307.0
macOS_F_NOCACHE	long-run-int	1024	1	4	ReaderOnlyScan/real_time	b47ed98fcfd3-dirty	1000000	2004582.0	1.033	1.098	1.006	3.49	8421376.0	298496.0	966.0	4712.0	NA
macOS_F_NOCACHE	long-run-int	1024	1	4	BoundedParallelReaderScan/4/real_time	b47ed98fcfd3-dirty	1000000	2004582.0	1.16	1.17	1.113	1.79	11993088.0	370816.0	966.0	4712.0	NA
macOS_F_NOCACHE	long-run-int	1024	1	4	ParquetReaderOnlyScan/Uncompressed/real_time	b47ed98fcfd3-dirty	1000000	10400350.0	0.93	0.942	0.916	1.22	19120128.0	692736.0	966.0	NA	12291.0
macOS_F_NOCACHE	long-run-int	1024	1	4	ParquetReaderOnlyScan/ZSTD/real_time	b47ed98fcfd3-dirty	1000000	3532990.0	0.891	0.903	0.883	0.8	19824640.0	692736.0	966.0	NA	5983.0
macOS_F_NOCACHE	long-run-int	1024	10	1	ReaderOnlyScan/real_time	b47ed98fcfd3-dirty	1000000	2004582.0	2.167	2.326	2.141	3.62	8044544.0	74624.0	878.0	8856.0	NA
macOS_F_NOCACHE	long-run-int	1024	10	1	BoundedParallelReaderScan/4/real_time	b47ed98fcfd3-dirty	1000000	2004582.0	1.821	1.834	1.791	0.83	11517952.0	99456.0	878.0	8856.0	NA
macOS_F_NOCACHE	long-run-int	1024	10	1	ParquetReaderOnlyScan/Uncompressed/real_time	b47ed98fcfd3-dirty	1000000	10400350.0	1.774	1.881	1.645	5.15	18890752.0	692736.0	878.0	NA	15753.0
macOS_F_NOCACHE	long-run-int	1024	10	1	ParquetReaderOnlyScan/ZSTD/real_time	b47ed98fcfd3-dirty	1000000	3532990.0	1.175	1.19	1.155	1.01	19464192.0	692736.0	878.0	NA	10435.0
macOS_F_NOCACHE	long-run-int	1024	10	4	ReaderOnlyScan/real_time	b47ed98fcfd3-dirty	1000000	2004582.0	8.414	8.964	8.276	3.3	8388608.0	298496.0	878.0	31464.0	NA
macOS_F_NOCACHE	long-run-int	1024	10	4	BoundedParallelReaderScan/4/real_time	b47ed98fcfd3-dirty	1000000	2004582.0	6.987	7.062	6.926	0.77	11943936.0	389248.0	878.0	31464.0	NA
macOS_F_NOCACHE	long-run-int	1024	10	4	ParquetReaderOnlyScan/Uncompressed/real_time	b47ed98fcfd3-dirty	1000000	10400350.0	3.098	3.18	3.061	1.5	19791872.0	692736.0	878.0	NA	34467.0
macOS_F_NOCACHE	long-run-int	1024	10	4	ParquetReaderOnlyScan/ZSTD/real_time	b47ed98fcfd3-dirty	1000000	3532990.0	2.63	2.661	2.614	0.71	20004864.0	692736.0	878.0	NA	34495.0
macOS_F_NOCACHE	long-run-int	1024	50	1	ReaderOnlyScan/real_time	b47ed98fcfd3-dirty	1000000	2004582.0	10.379	10.674	10.161	1.89	7962624.0	74624.0	488.0	38496.0	NA
macOS_F_NOCACHE	long-run-int	1024	50	1	BoundedParallelReaderScan/4/real_time	b47ed98fcfd3-dirty	1000000	2004582.0	7.662	7.775	7.53	1.16	11354112.0	99456.0	488.0	38496.0	NA
macOS_F_NOCACHE	long-run-int	1024	50	1	ParquetReaderOnlyScan/Uncompressed/real_time	b47ed98fcfd3-dirty	1000000	10400350.0	5.542	5.595	5.334	1.94	18841600.0	692736.0	488.0	NA	40323.0
macOS_F_NOCACHE	long-run-int	1024	50	1	ParquetReaderOnlyScan/ZSTD/real_time	b47ed98fcfd3-dirty	1000000	3532990.0	3.192	3.211	3.149	0.78	19693568.0	1374656.0	488.0	NA	42025.0
macOS_F_NOCACHE	long-run-int	1024	50	4	ReaderOnlyScan/real_time	b47ed98fcfd3-dirty	1000000	2004582.0	42.146	44.072	40.918	2.84	8273920.0	298496.0	488.0	150024.0	NA
macOS_F_NOCACHE	long-run-int	1024	50	4	BoundedParallelReaderScan/4/real_time	b47ed98fcfd3-dirty	1000000	2004582.0	34.175	35.333	33.751	1.89	11894784.0	397312.0	488.0	150024.0	NA
macOS_F_NOCACHE	long-run-int	1024	50	4	ParquetReaderOnlyScan/Uncompressed/real_time	b47ed98fcfd3-dirty	1000000	10400350.0	12.858	13.562	12.675	2.75	19480576.0	692736.0	488.0	NA	132747.0
macOS_F_NOCACHE	long-run-int	1024	50	4	ParquetReaderOnlyScan/ZSTD/real_time	b47ed98fcfd3-dirty	1000000	3532990.0	10.544	10.626	10.399	0.85	21086208.0	1499712.0	488.0	NA	160855.0
macOS_F_NOCACHE	long-run-int	1024	100	1	ReaderOnlyScan/real_time	b47ed98fcfd3-dirty	1000000	2004582.0	21.607	22.243	20.756	2.45	7880704.0	66304.0	0.0	74264.0	NA
macOS_F_NOCACHE	long-run-int	1024	100	1	BoundedParallelReaderScan/4/real_time	b47ed98fcfd3-dirty	1000000	2004582.0	15.603	16.359	14.694	4.25	11223040.0	91264.0	0.0	74264.0	NA
macOS_F_NOCACHE	long-run-int	1024	100	1	ParquetReaderOnlyScan/Uncompressed/real_time	b47ed98fcfd3-dirty	1000000	10400350.0	11.562	12.299	10.335	6.98	19152896.0	692736.0	0.0	NA	61552.0
macOS_F_NOCACHE	long-run-int	1024	100	1	ParquetReaderOnlyScan/ZSTD/real_time	b47ed98fcfd3-dirty	1000000	3532990.0	5.72	5.774	5.681	0.67	21217280.0	2713984.0	0.0	NA	79138.0
macOS_F_NOCACHE	long-run-int	1024	100	4	ReaderOnlyScan/real_time	b47ed98fcfd3-dirty	1000000	2004582.0	83.526	85.136	81.368	1.62	8126464.0	265216.0	0.0	297056.0	NA
macOS_F_NOCACHE	long-run-int	1024	100	4	BoundedParallelReaderScan/4/real_time	b47ed98fcfd3-dirty	1000000	2004582.0	66.238	66.866	65.505	0.76	11730944.0	364544.0	0.0	297056.0	NA
macOS_F_NOCACHE	long-run-int	1024	100	4	ParquetReaderOnlyScan/Uncompressed/real_time	b47ed98fcfd3-dirty	1000000	10400350.0	26.276	27.455	25.406	3.02	19300352.0	692736.0	0.0	NA	246208.0
macOS_F_NOCACHE	long-run-int	1024	100	4	ParquetReaderOnlyScan/ZSTD/real_time	b47ed98fcfd3-dirty	1000000	3532990.0	20.842	22.132	20.052	4.12	21348352.0	2839040.0	0.0	NA	316552.0
macOS_F_NOCACHE	long-run-int	8192	1	1	ReaderOnlyScan/real_time	b47ed98fcfd3-dirty	1000000	1925038.0	0.147	0.149	0.146	1.13	6668288.0	109696.0	120.0	14432.0	NA
macOS_F_NOCACHE	long-run-int	8192	1	1	BoundedParallelReaderScan/4/real_time	b47ed98fcfd3-dirty	1000000	1925038.0	0.159	0.162	0.156	1.53	7766016.0	146880.0	120.0	14432.0	NA
macOS_F_NOCACHE	long-run-int	8192	1	1	ParquetReaderOnlyScan/Uncompressed/real_time	b47ed98fcfd3-dirty	1000000	9860051.0	0.159	0.161	0.157	0.84	9912320.0	219136.0	120.0	NA	79449.0
macOS_F_NOCACHE	long-run-int	8192	1	1	ParquetReaderOnlyScan/ZSTD/real_time	b47ed98fcfd3-dirty	1000000	2822256.0	0.218	0.219	0.216	0.53	10174464.0	227328.0	120.0	NA	21952.0
macOS_F_NOCACHE	long-run-int	8192	1	4	ReaderOnlyScan/real_time	b47ed98fcfd3-dirty	1000000	1925038.0	0.399	0.403	0.39	1.24	7192576.0	438784.0	120.0	17672.0	NA
macOS_F_NOCACHE	long-run-int	8192	1	4	BoundedParallelReaderScan/4/real_time	b47ed98fcfd3-dirty	1000000	1925038.0	0.267	0.273	0.265	1.32	8650752.0	457728.0	120.0	17672.0	NA
macOS_F_NOCACHE	long-run-int	8192	1	4	ParquetReaderOnlyScan/Uncompressed/real_time	b47ed98fcfd3-dirty	1000000	9860051.0	0.303	0.306	0.301	0.67	10944512.0	457728.0	120.0	NA	81069.0
macOS_F_NOCACHE	long-run-int	8192	1	4	ParquetReaderOnlyScan/ZSTD/real_time	b47ed98fcfd3-dirty	1000000	2822256.0	0.367	0.37	0.365	0.47	11157504.0	457728.0	120.0	NA	23224.0
macOS_F_NOCACHE	long-run-int	8192	10	1	ReaderOnlyScan/real_time	b47ed98fcfd3-dirty	1000000	1925038.0	0.592	0.655	0.577	5.59	6782976.0	166400.0	109.0	19888.0	NA
macOS_F_NOCACHE	long-run-int	8192	10	1	BoundedParallelReaderScan/4/real_time	b47ed98fcfd3-dirty	1000000	1925038.0	0.316	0.325	0.314	1.53	8355840.0	366080.0	109.0	19888.0	NA
macOS_F_NOCACHE	long-run-int	8192	10	1	ParquetReaderOnlyScan/Uncompressed/real_time	b47ed98fcfd3-dirty	1000000	9860051.0	0.456	0.464	0.444	1.69	10928128.0	366080.0	109.0	NA	82067.0
macOS_F_NOCACHE	long-run-int	8192	10	1	ParquetReaderOnlyScan/ZSTD/real_time	b47ed98fcfd3-dirty	1000000	2822256.0	0.529	0.533	0.51	1.51	11173888.0	366080.0	109.0	NA	23888.0
macOS_F_NOCACHE	long-run-int	8192	10	4	ReaderOnlyScan/real_time	b47ed98fcfd3-dirty	1000000	1925038.0	2.048	2.087	2.025	1.26	7553024.0	665600.0	109.0	39496.0	NA
macOS_F_NOCACHE	long-run-int	8192	10	4	BoundedParallelReaderScan/4/real_time	b47ed98fcfd3-dirty	1000000	1925038.0	0.758	0.774	0.753	1.15	11714560.0	1464320.0	109.0	39496.0	NA
macOS_F_NOCACHE	long-run-int	8192	10	4	ParquetReaderOnlyScan/Uncompressed/real_time	b47ed98fcfd3-dirty	1000000	9860051.0	1.26	1.269	1.256	0.45	13991936.0	1464320.0	109.0	NA	91541.0
macOS_F_NOCACHE	long-run-int	8192	10	4	ParquetReaderOnlyScan/ZSTD/real_time	b47ed98fcfd3-dirty	1000000	2822256.0	1.345	1.353	1.34	0.4	14204928.0	1464320.0	109.0	NA	30803.0
macOS_F_NOCACHE	long-run-int	8192	50	1	ReaderOnlyScan/real_time	b47ed98fcfd3-dirty	1000000	1925038.0	2.498	2.556	2.46	1.49	6832128.0	166400.0	61.0	43696.0	NA
macOS_F_NOCACHE	long-run-int	8192	50	1	BoundedParallelReaderScan/4/real_time	b47ed98fcfd3-dirty	1000000	1925038.0	0.964	0.974	0.946	1.05	8617984.0	366080.0	61.0	43696.0	NA
macOS_F_NOCACHE	long-run-int	8192	50	1	ParquetReaderOnlyScan/Uncompressed/real_time	b47ed98fcfd3-dirty	1000000	9860051.0	1.705	1.742	1.676	1.46	10813440.0	366080.0	61.0	NA	93491.0
macOS_F_NOCACHE	long-run-int	8192	50	1	ParquetReaderOnlyScan/ZSTD/real_time	b47ed98fcfd3-dirty	1000000	2822256.0	1.861	1.874	1.794	1.49	11042816.0	366080.0	61.0	NA	32336.0
macOS_F_NOCACHE	long-run-int	8192	50	4	ReaderOnlyScan/real_time	b47ed98fcfd3-dirty	1000000	1925038.0	9.67	10.46	9.3	4.73	7602176.0	665600.0	61.0	134728.0	NA
macOS_F_NOCACHE	long-run-int	8192	50	4	BoundedParallelReaderScan/4/real_time	b47ed98fcfd3-dirty	1000000	1925038.0	3.212	3.527	2.984	6.74	10502144.0	1464320.0	61.0	134728.0	NA
macOS_F_NOCACHE	long-run-int	8192	50	4	ParquetReaderOnlyScan/Uncompressed/real_time	b47ed98fcfd3-dirty	1000000	9860051.0	5.5	5.573	5.447	0.95	12992512.0	1464320.0	61.0	NA	137237.0
macOS_F_NOCACHE	long-run-int	8192	50	4	ParquetReaderOnlyScan/ZSTD/real_time	b47ed98fcfd3-dirty	1000000	2822256.0	5.782	5.843	5.684	0.97	13287424.0	1464320.0	61.0	NA	63875.0
macOS_F_NOCACHE	long-run-int	8192	100	1	ReaderOnlyScan/real_time	b47ed98fcfd3-dirty	1000000	1925038.0	5.425	5.596	5.288	2.02	6389760.0	66560.0	0.0	60600.0	NA
macOS_F_NOCACHE	long-run-int	8192	100	1	BoundedParallelReaderScan/4/real_time	b47ed98fcfd3-dirty	1000000	1925038.0	2.876	5.256	2.723	30.35	7880704.0	266240.0	0.0	60600.0	NA
macOS_F_NOCACHE	long-run-int	8192	100	1	ParquetReaderOnlyScan/Uncompressed/real_time	b47ed98fcfd3-dirty	1000000	9860051.0	3.505	3.619	3.249	3.64	10158080.0	266240.0	0.0	NA	29100.0
macOS_F_NOCACHE	long-run-int	8192	100	1	ParquetReaderOnlyScan/ZSTD/real_time	b47ed98fcfd3-dirty	1000000	2822256.0	3.435	3.566	3.35	2.71	10387456.0	266240.0	0.0	NA	21378.0
macOS_F_NOCACHE	long-run-int	8192	100	4	ReaderOnlyScan/real_time	b47ed98fcfd3-dirty	1000000	1925038.0	18.986	19.259	18.726	0.97	6733824.0	266240.0	0.0	242400.0	NA
macOS_F_NOCACHE	long-run-int	8192	100	4	BoundedParallelReaderScan/4/real_time	b47ed98fcfd3-dirty	1000000	1925038.0	6.73	6.882	5.852	6.64	9519104.0	1064960.0	0.0	242400.0	NA
macOS_F_NOCACHE	long-run-int	8192	100	4	ParquetReaderOnlyScan/Uncompressed/real_time	b47ed98fcfd3-dirty	1000000	9860051.0	11.06	11.099	10.802	1.04	11649024.0	1064960.0	0.0	NA	116400.0
macOS_F_NOCACHE	long-run-int	8192	100	4	ParquetReaderOnlyScan/ZSTD/real_time	b47ed98fcfd3-dirty	1000000	2822256.0	11.087	11.632	10.945	2.51	12075008.0	1064960.0	0.0	NA	84210.0
macOS_F_NOCACHE	long-run-int	65536	1	1	ReaderOnlyScan/real_time	b47ed98fcfd3-dirty	1000000	2241210.0	0.152	0.157	0.148	2.31	6504448.0	216960.0	15.0	32888.0	NA
macOS_F_NOCACHE	long-run-int	65536	1	1	BoundedParallelReaderScan/4/real_time	b47ed98fcfd3-dirty	1000000	2241210.0	0.192	0.199	0.191	1.87	7012352.0	216960.0	15.0	32888.0	NA
macOS_F_NOCACHE	long-run-int	65536	1	1	ParquetReaderOnlyScan/Uncompressed/real_time	b47ed98fcfd3-dirty	1000000	10091996.0	0.1	0.103	0.099	1.63	8814592.0	378368.0	15.0	NA	168019.0
macOS_F_NOCACHE	long-run-int	65536	1	1	ParquetReaderOnlyScan/ZSTD/real_time	b47ed98fcfd3-dirty	1000000	2963855.0	0.218	0.223	0.216	1.19	9273344.0	394816.0	15.0	NA	48488.0
macOS_F_NOCACHE	long-run-int	65536	1	4	ReaderOnlyScan/real_time	b47ed98fcfd3-dirty	1000000	2241210.0	0.28	0.283	0.272	1.44	6717440.0	460800.0	15.0	36032.0	NA
macOS_F_NOCACHE	long-run-int	65536	1	4	BoundedParallelReaderScan/4/real_time	b47ed98fcfd3-dirty	1000000	2241210.0	0.319	0.322	0.315	0.85	7208960.0	460800.0	15.0	36032.0	NA
macOS_F_NOCACHE	long-run-int	65536	1	4	ParquetReaderOnlyScan/Uncompressed/real_time	b47ed98fcfd3-dirty	1000000	10091996.0	0.221	0.222	0.219	0.54	9076736.0	505088.0	15.0	NA	169402.0
macOS_F_NOCACHE	long-run-int	65536	1	4	ParquetReaderOnlyScan/ZSTD/real_time	b47ed98fcfd3-dirty	1000000	2963855.0	0.346	0.347	0.343	0.44	9355264.0	521920.0	15.0	NA	49232.0
macOS_F_NOCACHE	long-run-int	65536	10	1	ReaderOnlyScan/real_time	b47ed98fcfd3-dirty	1000000	2241210.0	0.609	0.619	0.604	0.96	7143424.0	708032.0	13.0	139872.0	NA
macOS_F_NOCACHE	long-run-int	65536	10	1	BoundedParallelReaderScan/4/real_time	b47ed98fcfd3-dirty	1000000	2241210.0	0.428	0.436	0.426	0.99	9633792.0	1336896.0	13.0	139872.0	NA
macOS_F_NOCACHE	long-run-int	65536	10	1	ParquetReaderOnlyScan/Uncompressed/real_time	b47ed98fcfd3-dirty	1000000	10091996.0	0.546	0.548	0.543	0.35	11550720.0	1336896.0	13.0	NA	656973.0
macOS_F_NOCACHE	long-run-int	65536	10	1	ParquetReaderOnlyScan/ZSTD/real_time	b47ed98fcfd3-dirty	1000000	2963855.0	0.994	0.997	0.982	0.52	12009472.0	1356992.0	13.0	NA	191514.0
macOS_F_NOCACHE	long-run-int	65536	10	4	ReaderOnlyScan/real_time	b47ed98fcfd3-dirty	1000000	2241210.0	1.467	1.482	1.457	0.62	9420800.0	2832128.0	13.0	166152.0	NA
macOS_F_NOCACHE	long-run-int	65536	10	4	BoundedParallelReaderScan/4/real_time	b47ed98fcfd3-dirty	1000000	2241210.0	0.765	0.771	0.757	0.75	12255232.0	3774720.0	13.0	166152.0	NA
macOS_F_NOCACHE	long-run-int	65536	10	4	ParquetReaderOnlyScan/Uncompressed/real_time	b47ed98fcfd3-dirty	1000000	10091996.0	1.649	1.657	1.634	0.49	14417920.0	3774720.0	13.0	NA	668574.0
macOS_F_NOCACHE	long-run-int	65536	10	4	ParquetReaderOnlyScan/ZSTD/real_time	b47ed98fcfd3-dirty	1000000	2963855.0	2.148	2.16	2.11	0.79	14745600.0	3774720.0	13.0	NA	196536.0
macOS_F_NOCACHE	long-run-int	65536	50	1	ReaderOnlyScan/real_time	b47ed98fcfd3-dirty	1000000	2241210.0	1.634	1.639	1.614	0.56	8011776.0	1098240.0	7.0	163008.0	NA
macOS_F_NOCACHE	long-run-int	65536	50	1	BoundedParallelReaderScan/4/real_time	b47ed98fcfd3-dirty	1000000	2241210.0	0.705	0.722	0.697	1.4	13107200.0	2695680.0	7.0	163008.0	NA
macOS_F_NOCACHE	long-run-int	65536	50	1	ParquetReaderOnlyScan/Uncompressed/real_time	b47ed98fcfd3-dirty	1000000	10091996.0	1.596	1.6	1.588	0.3	15794176.0	2695680.0	7.0	NA	667191.0
macOS_F_NOCACHE	long-run-int	65536	50	1	ParquetReaderOnlyScan/ZSTD/real_time	b47ed98fcfd3-dirty	1000000	2963855.0	2.079	2.101	2.063	0.75	16056320.0	2695680.0	7.0	NA	195774.0
macOS_F_NOCACHE	long-run-int	65536	50	4	ReaderOnlyScan/real_time	b47ed98fcfd3-dirty	1000000	2241210.0	5.633	5.668	5.545	0.79	12140544.0	4392960.0	7.0	258696.0	NA
macOS_F_NOCACHE	long-run-int	65536	50	4	BoundedParallelReaderScan/4/real_time	b47ed98fcfd3-dirty	1000000	2241210.0	1.632	1.665	1.613	1.23	23347200.0	10782720.0	7.0	258696.0	NA
macOS_F_NOCACHE	long-run-int	65536	50	4	ParquetReaderOnlyScan/Uncompressed/real_time	b47ed98fcfd3-dirty	1000000	10091996.0	5.657	5.681	5.575	0.78	25165824.0	10782720.0	7.0	NA	709446.0
macOS_F_NOCACHE	long-run-int	65536	50	4	ParquetReaderOnlyScan/ZSTD/real_time	b47ed98fcfd3-dirty	1000000	2963855.0	6.299	6.348	6.264	0.5	25329664.0	10782720.0	7.0	NA	213630.0
macOS_F_NOCACHE	long-run-int	65536	100	1	ReaderOnlyScan/real_time	b47ed98fcfd3-dirty	1000000	2241210.0	2.86	2.886	2.847	0.55	7077888.0	532480.0	0.0	58888.0	NA
macOS_F_NOCACHE	long-run-int	65536	100	1	BoundedParallelReaderScan/4/real_time	b47ed98fcfd3-dirty	1000000	2241210.0	1.087	1.105	1.071	1.16	11042816.0	2129920.0	0.0	58888.0	NA
macOS_F_NOCACHE	long-run-int	65536	100	1	ParquetReaderOnlyScan/Uncompressed/real_time	b47ed98fcfd3-dirty	1000000	10091996.0	2.631	2.651	2.616	0.53	12582912.0	2129920.0	0.0	NA	26006.0
macOS_F_NOCACHE	long-run-int	65536	100	1	ParquetReaderOnlyScan/ZSTD/real_time	b47ed98fcfd3-dirty	1000000	2963855.0	2.777	2.784	2.751	0.45	12877824.0	2129920.0	0.0	NA	10973.0
macOS_F_NOCACHE	long-run-int	65536	100	4	ReaderOnlyScan/real_time	b47ed98fcfd3-dirty	1000000	2241210.0	10.607	10.85	10.542	1.18	8962048.0	2129920.0	0.0	235552.0	NA
macOS_F_NOCACHE	long-run-int	65536	100	4	BoundedParallelReaderScan/4/real_time	b47ed98fcfd3-dirty	1000000	2241210.0	3.383	3.393	3.349	0.48	19939328.0	8519680.0	0.0	235552.0	NA
macOS_F_NOCACHE	long-run-int	65536	100	4	ParquetReaderOnlyScan/Uncompressed/real_time	b47ed98fcfd3-dirty	1000000	10091996.0	10.121	10.321	10.087	1.0	21544960.0	8519680.0	0.0	NA	104024.0
macOS_F_NOCACHE	long-run-int	65536	100	4	ParquetReaderOnlyScan/ZSTD/real_time	b47ed98fcfd3-dirty	1000000	2963855.0	10.602	10.667	10.565	0.36	21872640.0	8519680.0	0.0	NA	43802.0
macOS_F_NOCACHE	long-run-int	262144	1	1	ReaderOnlyScan/real_time	b47ed98fcfd3-dirty	1000000	2486946.0	1.003	1.009	0.998	0.39	8388608.0	1789824.0	3.0	493136.0	NA
macOS_F_NOCACHE	long-run-int	262144	1	1	BoundedParallelReaderScan/4/real_time	b47ed98fcfd3-dirty	1000000	2486946.0	1.061	1.068	1.056	0.39	8830976.0	1789824.0	3.0	493136.0	NA
macOS_F_NOCACHE	long-run-int	262144	1	1	ParquetReaderOnlyScan/Uncompressed/real_time	b47ed98fcfd3-dirty	1000000	9204458.0	0.872	0.884	0.866	0.75	13402112.0	3154432.0	3.0	NA	1985128.0
macOS_F_NOCACHE	long-run-int	262144	1	1	ParquetReaderOnlyScan/ZSTD/real_time	b47ed98fcfd3-dirty	1000000	2106845.0	2.206	2.237	2.202	0.69	13631488.0	3154432.0	3.0	NA	477730.0
macOS_F_NOCACHE	long-run-int	262144	1	4	ReaderOnlyScan/real_time	b47ed98fcfd3-dirty	1000000	2486946.0	1.176	1.187	1.166	0.61	8634368.0	2033664.0	3.0	530840.0	NA
macOS_F_NOCACHE	long-run-int	262144	1	4	BoundedParallelReaderScan/4/real_time	b47ed98fcfd3-dirty	1000000	2486946.0	1.239	1.243	1.237	0.2	9125888.0	2033664.0	3.0	530840.0	NA
macOS_F_NOCACHE	long-run-int	262144	1	4	ParquetReaderOnlyScan/Uncompressed/real_time	b47ed98fcfd3-dirty	1000000	9204458.0	2.509	2.543	2.493	0.82	13467648.0	3330624.0	3.0	NA	2002147.0
macOS_F_NOCACHE	long-run-int	262144	1	4	ParquetReaderOnlyScan/ZSTD/real_time	b47ed98fcfd3-dirty	1000000	2106845.0	3.949	3.958	3.885	0.7	13647872.0	3330624.0	3.0	NA	484349.0
macOS_F_NOCACHE	long-run-int	262144	10	1	ReaderOnlyScan/real_time	b47ed98fcfd3-dirty	1000000	2486946.0	1.31	1.363	1.303	2.14	9453568.0	2521088.0	3.0	493136.0	NA
macOS_F_NOCACHE	long-run-int	262144	10	1	BoundedParallelReaderScan/4/real_time	b47ed98fcfd3-dirty	1000000	2486946.0	1.372	1.463	1.362	3.08	10436608.0	2521088.0	3.0	493136.0	NA
macOS_F_NOCACHE	long-run-int	262144	10	1	ParquetReaderOnlyScan/Uncompressed/real_time	b47ed98fcfd3-dirty	1000000	9204458.0	0.889	0.896	0.871	1.01	13107200.0	3154432.0	3.0	NA	1985128.0
macOS_F_NOCACHE	long-run-int	262144	10	1	ParquetReaderOnlyScan/ZSTD/real_time	b47ed98fcfd3-dirty	1000000	2106845.0	2.23	2.288	2.217	1.32	13336576.0	3154432.0	3.0	NA	477730.0
macOS_F_NOCACHE	long-run-int	262144	10	4	ReaderOnlyScan/real_time	b47ed98fcfd3-dirty	1000000	2486946.0	2.103	2.112	2.094	0.31	11960320.0	4958720.0	3.0	530840.0	NA
macOS_F_NOCACHE	long-run-int	262144	10	4	BoundedParallelReaderScan/4/real_time	b47ed98fcfd3-dirty	1000000	2486946.0	2.152	2.165	2.135	0.5	13189120.0	4958720.0	3.0	530840.0	NA
macOS_F_NOCACHE	long-run-int	262144	10	4	ParquetReaderOnlyScan/Uncompressed/real_time	b47ed98fcfd3-dirty	1000000	9204458.0	2.516	2.549	2.482	1.05	14680064.0	4958720.0	3.0	NA	2002147.0
macOS_F_NOCACHE	long-run-int	262144	10	4	ParquetReaderOnlyScan/ZSTD/real_time	b47ed98fcfd3-dirty	1000000	2106845.0	3.935	4.002	3.912	0.94	14893056.0	4958720.0	3.0	NA	484349.0
macOS_F_NOCACHE	long-run-int	262144	50	1	ReaderOnlyScan/real_time	b47ed98fcfd3-dirty	1000000	2486946.0	2.876	2.911	2.835	0.94	11010048.0	3898496.0	1.0	633184.0	NA
macOS_F_NOCACHE	long-run-int	262144	50	1	BoundedParallelReaderScan/4/real_time	b47ed98fcfd3-dirty	1000000	2486946.0	1.692	1.748	1.668	2.08	15974400.0	6159744.0	1.0	633184.0	NA
macOS_F_NOCACHE	long-run-int	262144	50	1	ParquetReaderOnlyScan/Uncompressed/real_time	b47ed98fcfd3-dirty	1000000	9204458.0	2.401	2.446	2.35	1.63	18857984.0	6159744.0	1.0	NA	2387807.0
macOS_F_NOCACHE	long-run-int	262144	50	1	ParquetReaderOnlyScan/ZSTD/real_time	b47ed98fcfd3-dirty	1000000	2106845.0	3.964	4.014	3.946	0.75	19169280.0	6159744.0	1.0	NA	532661.0
macOS_F_NOCACHE	long-run-int	262144	50	4	ReaderOnlyScan/real_time	b47ed98fcfd3-dirty	1000000	2486946.0	6.039	6.155	6.014	0.96	25296896.0	15593984.0	1.0	763144.0	NA
macOS_F_NOCACHE	long-run-int	262144	50	4	BoundedParallelReaderScan/4/real_time	b47ed98fcfd3-dirty	1000000	2486946.0	3.755	3.888	3.725	1.79	28033024.0	15593984.0	1.0	763144.0	NA
macOS_F_NOCACHE	long-run-int	262144	50	4	ParquetReaderOnlyScan/Uncompressed/real_time	b47ed98fcfd3-dirty	1000000	9204458.0	7.795	7.85	7.739	0.53	29474816.0	15593984.0	1.0	NA	2446898.0
macOS_F_NOCACHE	long-run-int	262144	50	4	ParquetReaderOnlyScan/ZSTD/real_time	b47ed98fcfd3-dirty	1000000	2106845.0	9.78	9.862	9.701	0.7	29687808.0	15593984.0	1.0	NA	555750.0
macOS_F_NOCACHE	long-run-int	262144	100	1	ReaderOnlyScan/real_time	b47ed98fcfd3-dirty	1000000	2486946.0	2.632	2.64	2.591	0.68	10321920.0	2129920.0	0.0	58696.0	NA
macOS_F_NOCACHE	long-run-int	262144	100	1	BoundedParallelReaderScan/4/real_time	b47ed98fcfd3-dirty	1000000	2486946.0	0.877	0.889	0.868	0.93	15663104.0	8125056.0	0.0	58696.0	NA
macOS_F_NOCACHE	long-run-int	262144	100	1	ParquetReaderOnlyScan/Uncompressed/real_time	b47ed98fcfd3-dirty	1000000	9204458.0	2.586	2.6	2.555	0.64	17104896.0	8125056.0	0.0	NA	26709.0
macOS_F_NOCACHE	long-run-int	262144	100	1	ParquetReaderOnlyScan/ZSTD/real_time	b47ed98fcfd3-dirty	1000000	2106845.0	2.701	2.712	2.689	0.31	17367040.0	8125056.0	0.0	NA	10648.0
macOS_F_NOCACHE	long-run-int	262144	100	4	ReaderOnlyScan/real_time	b47ed98fcfd3-dirty	1000000	2486946.0	9.522	10.159	9.401	3.64	17285120.0	8519680.0	0.0	234784.0	NA
macOS_F_NOCACHE	long-run-int	262144	100	4	BoundedParallelReaderScan/4/real_time	b47ed98fcfd3-dirty	1000000	2486946.0	5.119	5.156	5.089	0.49	27836416.0	17039360.0	0.0	234784.0	NA
macOS_F_NOCACHE	long-run-int	262144	100	4	ParquetReaderOnlyScan/Uncompressed/real_time	b47ed98fcfd3-dirty	1000000	9204458.0	10.206	10.467	10.127	1.36	29245440.0	17039360.0	0.0	NA	106836.0
macOS_F_NOCACHE	long-run-int	262144	100	4	ParquetReaderOnlyScan/ZSTD/real_time	b47ed98fcfd3-dirty	1000000	2106845.0	10.769	10.832	10.647	0.63	29523968.0	17039360.0	0.0	NA	41972.0
macOS_F_NOCACHE	narrow-int	1024	1	1	ReaderOnlyScan/real_time	b47ed98fcfd3-dirty	1000000	4363846.0	0.146	0.147	0.143	1.14	8093696.0	74880.0	966.0	8520.0	NA
macOS_F_NOCACHE	narrow-int	1024	1	1	BoundedParallelReaderScan/4/real_time	b47ed98fcfd3-dirty	1000000	4363846.0	0.337	0.385	0.331	6.52	11927552.0	93248.0	966.0	8520.0	NA
macOS_F_NOCACHE	narrow-int	1024	1	1	ParquetReaderOnlyScan/Uncompressed/real_time	b47ed98fcfd3-dirty	1000000	13661310.0	0.754	0.787	0.731	3.13	19087360.0	696960.0	966.0	NA	19051.0
macOS_F_NOCACHE	narrow-int	1024	1	1	ParquetReaderOnlyScan/ZSTD/real_time	b47ed98fcfd3-dirty	1000000	4255065.0	0.742	0.748	0.72	1.62	19906560.0	696960.0	966.0	NA	5249.0
macOS_F_NOCACHE	narrow-int	1024	1	4	ReaderOnlyScan/real_time	b47ed98fcfd3-dirty	1000000	4363846.0	0.26	0.467	0.257	36.85	8404992.0	299520.0	966.0	30120.0	NA
macOS_F_NOCACHE	narrow-int	1024	1	4	BoundedParallelReaderScan/4/real_time	b47ed98fcfd3-dirty	1000000	4363846.0	0.39	0.396	0.381	1.29	13090816.0	372992.0	966.0	30120.0	NA
macOS_F_NOCACHE	narrow-int	1024	1	4	ParquetReaderOnlyScan/Uncompressed/real_time	b47ed98fcfd3-dirty	1000000	13661310.0	0.994	1.007	0.991	0.69	20119552.0	696960.0	966.0	NA	47659.0
macOS_F_NOCACHE	narrow-int	1024	1	4	ParquetReaderOnlyScan/ZSTD/real_time	b47ed98fcfd3-dirty	1000000	4255065.0	0.97	0.978	0.964	0.55	20955136.0	696960.0	966.0	NA	13855.0
macOS_F_NOCACHE	narrow-int	1024	10	1	ReaderOnlyScan/real_time	b47ed98fcfd3-dirty	1000000	4363846.0	0.935	1.005	0.91	4.3	8060928.0	74880.0	878.0	68360.0	NA
macOS_F_NOCACHE	narrow-int	1024	10	1	BoundedParallelReaderScan/4/real_time	b47ed98fcfd3-dirty	1000000	4363846.0	0.879	0.897	0.872	1.13	11894784.0	99840.0	878.0	68360.0	NA
macOS_F_NOCACHE	narrow-int	1024	10	1	ParquetReaderOnlyScan/Uncompressed/real_time	b47ed98fcfd3-dirty	1000000	13661310.0	1.928	1.992	1.867	2.34	19234816.0	696960.0	878.0	NA	97867.0
macOS_F_NOCACHE	narrow-int	1024	10	1	ParquetReaderOnlyScan/ZSTD/real_time	b47ed98fcfd3-dirty	1000000	4255065.0	1.461	1.467	1.453	0.32	19513344.0	696960.0	878.0	NA	28286.0
macOS_F_NOCACHE	narrow-int	1024	10	4	ReaderOnlyScan/real_time	b47ed98fcfd3-dirty	1000000	4363846.0	3.239	3.359	3.172	2.24	8404992.0	299520.0	878.0	269480.0	NA
macOS_F_NOCACHE	narrow-int	1024	10	4	BoundedParallelReaderScan/4/real_time	b47ed98fcfd3-dirty	1000000	4363846.0	2.156	2.182	2.084	1.57	12320768.0	399360.0	878.0	269480.0	NA
macOS_F_NOCACHE	narrow-int	1024	10	4	ParquetReaderOnlyScan/Uncompressed/real_time	b47ed98fcfd3-dirty	1000000	13661310.0	4.14	4.18	3.947	1.92	20398080.0	696960.0	878.0	NA	362923.0
macOS_F_NOCACHE	narrow-int	1024	10	4	ParquetReaderOnlyScan/ZSTD/real_time	b47ed98fcfd3-dirty	1000000	4255065.0	3.818	3.848	3.752	0.84	20627456.0	696960.0	878.0	NA	106837.0
macOS_F_NOCACHE	narrow-int	1024	50	1	ReaderOnlyScan/real_time	b47ed98fcfd3-dirty	1000000	4363846.0	5.295	5.399	5.137	1.97	8028160.0	74880.0	488.0	333560.0	NA
macOS_F_NOCACHE	narrow-int	1024	50	1	BoundedParallelReaderScan/4/real_time	b47ed98fcfd3-dirty	1000000	4363846.0	4.312	4.399	4.27	1.09	11681792.0	99840.0	488.0	333560.0	NA
macOS_F_NOCACHE	narrow-int	1024	50	1	ParquetReaderOnlyScan/Uncompressed/real_time	b47ed98fcfd3-dirty	1000000	13661310.0	7.184	7.475	6.945	2.81	19333120.0	696960.0	488.0	NA	447171.0
macOS_F_NOCACHE	narrow-int	1024	50	1	ParquetReaderOnlyScan/ZSTD/real_time	b47ed98fcfd3-dirty	1000000	4255065.0	4.662	4.693	4.598	0.8	20758528.0	1731776.0	488.0	NA	130273.0
macOS_F_NOCACHE	narrow-int	1024	50	4	ReaderOnlyScan/real_time	b47ed98fcfd3-dirty	1000000	4363846.0	18.716	19.767	18.223	3.44	8273920.0	299520.0	488.0	1330280.0	NA
macOS_F_NOCACHE	narrow-int	1024	50	4	BoundedParallelReaderScan/4/real_time	b47ed98fcfd3-dirty	1000000	4363846.0	11.876	12.21	11.318	2.71	12697600.0	399360.0	488.0	1330280.0	NA
macOS_F_NOCACHE	narrow-int	1024	50	4	ParquetReaderOnlyScan/Uncompressed/real_time	b47ed98fcfd3-dirty	1000000	13661310.0	18.46	18.628	18.232	0.76	20856832.0	1926848.0	488.0	NA	1760139.0
macOS_F_NOCACHE	narrow-int	1024	50	4	ParquetReaderOnlyScan/ZSTD/real_time	b47ed98fcfd3-dirty	1000000	4255065.0	16.117	16.358	15.981	0.86	22904832.0	1926848.0	488.0	NA	518478.0
macOS_F_NOCACHE	narrow-int	1024	100	1	ReaderOnlyScan/real_time	b47ed98fcfd3-dirty	1000000	4363846.0	16.804	17.093	16.286	1.95	7864320.0	66560.0	0.0	664080.0	NA
macOS_F_NOCACHE	narrow-int	1024	100	1	BoundedParallelReaderScan/4/real_time	b47ed98fcfd3-dirty	1000000	4363846.0	11.112	11.563	10.927	2.25	11255808.0	91520.0	0.0	664080.0	NA
macOS_F_NOCACHE	narrow-int	1024	100	1	ParquetReaderOnlyScan/Uncompressed/real_time	b47ed98fcfd3-dirty	1000000	13661310.0	14.291	15.433	13.615	4.88	19841024.0	939520.0	0.0	NA	874731.0
macOS_F_NOCACHE	narrow-int	1024	100	1	ParquetReaderOnlyScan/ZSTD/real_time	b47ed98fcfd3-dirty	1000000	4255065.0	8.794	8.973	8.579	1.8	22872064.0	3429184.0	0.0	NA	255557.0
macOS_F_NOCACHE	narrow-int	1024	100	4	ReaderOnlyScan/real_time	b47ed98fcfd3-dirty	1000000	4363846.0	59.256	61.204	58.352	2.05	8159232.0	266240.0	0.0	2656320.0	NA
macOS_F_NOCACHE	narrow-int	1024	100	4	BoundedParallelReaderScan/4/real_time	b47ed98fcfd3-dirty	1000000	4363846.0	37.911	39.331	37.281	2.04	11927552.0	366080.0	0.0	2656320.0	NA
macOS_F_NOCACHE	narrow-int	1024	100	4	ParquetReaderOnlyScan/Uncompressed/real_time	b47ed98fcfd3-dirty	1000000	13661310.0	36.445	37.077	36.094	1.0	22249472.0	3686848.0	0.0	NA	3498924.0
macOS_F_NOCACHE	narrow-int	1024	100	4	ParquetReaderOnlyScan/ZSTD/real_time	b47ed98fcfd3-dirty	1000000	4255065.0	32.007	32.315	31.509	0.91	26198016.0	3686848.0	0.0	NA	1031481.0
macOS_F_NOCACHE	narrow-int	8192	1	1	ReaderOnlyScan/real_time	b47ed98fcfd3-dirty	1000000	4202318.0	0.078	0.078	0.077	0.44	6668288.0	109888.0	120.0	24072.0	NA
macOS_F_NOCACHE	narrow-int	8192	1	1	BoundedParallelReaderScan/4/real_time	b47ed98fcfd3-dirty	1000000	4202318.0	0.13	0.137	0.128	3.27	7815168.0	146880.0	120.0	24072.0	NA
macOS_F_NOCACHE	narrow-int	8192	1	1	ParquetReaderOnlyScan/Uncompressed/real_time	b47ed98fcfd3-dirty	1000000	12660951.0	0.208	0.209	0.203	1.2	10141696.0	224896.0	120.0	NA	91425.0
macOS_F_NOCACHE	narrow-int	8192	1	1	ParquetReaderOnlyScan/ZSTD/real_time	b47ed98fcfd3-dirty	1000000	2928107.0	0.265	0.274	0.261	2.01	10502144.0	233280.0	120.0	NA	22709.0
macOS_F_NOCACHE	narrow-int	8192	1	4	ReaderOnlyScan/real_time	b47ed98fcfd3-dirty	1000000	4202318.0	0.167	0.169	0.165	1.07	7077888.0	439552.0	120.0	56232.0	NA
macOS_F_NOCACHE	narrow-int	8192	1	4	BoundedParallelReaderScan/4/real_time	b47ed98fcfd3-dirty	1000000	4202318.0	0.198	0.201	0.193	1.42	8470528.0	458496.0	120.0	56232.0	NA
macOS_F_NOCACHE	narrow-int	8192	1	4	ParquetReaderOnlyScan/Uncompressed/real_time	b47ed98fcfd3-dirty	1000000	12660951.0	0.449	0.457	0.44	1.26	10731520.0	458496.0	120.0	NA	128973.0
macOS_F_NOCACHE	narrow-int	8192	1	4	ParquetReaderOnlyScan/ZSTD/real_time	b47ed98fcfd3-dirty	1000000	2928107.0	0.543	0.545	0.539	0.42	10977280.0	458496.0	120.0	NA	26312.0
macOS_F_NOCACHE	narrow-int	8192	10	1	ReaderOnlyScan/real_time	b47ed98fcfd3-dirty	1000000	4202318.0	0.315	0.315	0.313	0.22	6782976.0	166400.0	109.0	80832.0	NA
macOS_F_NOCACHE	narrow-int	8192	10	1	BoundedParallelReaderScan/4/real_time	b47ed98fcfd3-dirty	1000000	4202318.0	0.229	0.236	0.225	1.91	8749056.0	366080.0	109.0	80832.0	NA
macOS_F_NOCACHE	narrow-int	8192	10	1	ParquetReaderOnlyScan/Uncompressed/real_time	b47ed98fcfd3-dirty	1000000	12660951.0	0.724	0.727	0.722	0.26	11108352.0	366080.0	109.0	NA	157085.0
macOS_F_NOCACHE	narrow-int	8192	10	1	ParquetReaderOnlyScan/ZSTD/real_time	b47ed98fcfd3-dirty	1000000	2928107.0	0.804	0.814	0.802	0.65	11436032.0	366080.0	109.0	NA	26735.0
macOS_F_NOCACHE	narrow-int	8192	10	4	ReaderOnlyScan/real_time	b47ed98fcfd3-dirty	1000000	4202318.0	1.086	1.09	1.081	0.31	7520256.0	665600.0	109.0	283272.0	NA
macOS_F_NOCACHE	narrow-int	8192	10	4	BoundedParallelReaderScan/4/real_time	b47ed98fcfd3-dirty	1000000	4202318.0	0.459	0.467	0.457	0.97	11223040.0	1464320.0	109.0	283272.0	NA
macOS_F_NOCACHE	narrow-int	8192	10	4	ParquetReaderOnlyScan/Uncompressed/real_time	b47ed98fcfd3-dirty	1000000	12660951.0	2.111	2.129	2.102	0.53	13647872.0	1464320.0	109.0	NA	391613.0
macOS_F_NOCACHE	narrow-int	8192	10	4	ParquetReaderOnlyScan/ZSTD/real_time	b47ed98fcfd3-dirty	1000000	2928107.0	2.332	2.361	2.307	0.86	13844480.0	1464320.0	109.0	NA	42520.0
macOS_F_NOCACHE	narrow-int	8192	50	1	ReaderOnlyScan/real_time	b47ed98fcfd3-dirty	1000000	4202318.0	1.349	1.354	1.339	0.42	6815744.0	166400.0	61.0	328512.0	NA
macOS_F_NOCACHE	narrow-int	8192	50	1	BoundedParallelReaderScan/4/real_time	b47ed98fcfd3-dirty	1000000	4202318.0	0.69	0.699	0.669	1.67	8503296.0	366080.0	61.0	328512.0	NA
macOS_F_NOCACHE	narrow-int	8192	50	1	ParquetReaderOnlyScan/Uncompressed/real_time	b47ed98fcfd3-dirty	1000000	12660951.0	2.998	3.017	2.967	0.64	10731520.0	402624.0	61.0	NA	443609.0
macOS_F_NOCACHE	narrow-int	8192	50	1	ParquetReaderOnlyScan/ZSTD/real_time	b47ed98fcfd3-dirty	1000000	2928107.0	3.171	3.236	3.123	1.29	11059200.0	402624.0	61.0	NA	45143.0
macOS_F_NOCACHE	narrow-int	8192	50	4	ReaderOnlyScan/real_time	b47ed98fcfd3-dirty	1000000	4202318.0	5.143	5.15	5.037	0.8	7667712.0	665600.0	61.0	1273992.0	NA
macOS_F_NOCACHE	narrow-int	8192	50	4	BoundedParallelReaderScan/4/real_time	b47ed98fcfd3-dirty	1000000	4202318.0	1.756	1.807	1.727	1.7	10911744.0	1464320.0	61.0	1273992.0	NA
macOS_F_NOCACHE	narrow-int	8192	50	4	ParquetReaderOnlyScan/Uncompressed/real_time	b47ed98fcfd3-dirty	1000000	12660951.0	9.398	9.477	9.328	0.58	13418496.0	1609600.0	61.0	NA	1537709.0
macOS_F_NOCACHE	narrow-int	8192	50	4	ParquetReaderOnlyScan/ZSTD/real_time	b47ed98fcfd3-dirty	1000000	2928107.0	10.253	10.442	10.15	1.05	13680640.0	1609600.0	61.0	NA	116607.0
macOS_F_NOCACHE	narrow-int	8192	100	1	ReaderOnlyScan/real_time	b47ed98fcfd3-dirty	1000000	4202318.0	2.431	2.519	2.412	1.82	6438912.0	66560.0	0.0	629920.0	NA
macOS_F_NOCACHE	narrow-int	8192	100	1	BoundedParallelReaderScan/4/real_time	b47ed98fcfd3-dirty	1000000	4202318.0	1.073	1.128	1.02	3.41	7815168.0	266240.0	0.0	629920.0	NA
macOS_F_NOCACHE	narrow-int	8192	100	1	ParquetReaderOnlyScan/Uncompressed/real_time	b47ed98fcfd3-dirty	1000000	12660951.0	5.878	5.951	5.818	0.8	10649600.0	775616.0	0.0	NA	728824.0
macOS_F_NOCACHE	narrow-int	8192	100	1	ParquetReaderOnlyScan/ZSTD/real_time	b47ed98fcfd3-dirty	1000000	2928107.0	6.351	6.4	6.302	0.65	10895360.0	775616.0	0.0	NA	46727.0
macOS_F_NOCACHE	narrow-int	8192	100	4	ReaderOnlyScan/real_time	b47ed98fcfd3-dirty	1000000	4202318.0	9.41	9.483	9.332	0.58	6668288.0	266240.0	0.0	2519680.0	NA
macOS_F_NOCACHE	narrow-int	8192	100	4	BoundedParallelReaderScan/4/real_time	b47ed98fcfd3-dirty	1000000	4202318.0	3.058	3.081	3.039	0.58	9060352.0	1064960.0	0.0	2519680.0	NA
macOS_F_NOCACHE	narrow-int	8192	100	4	ParquetReaderOnlyScan/Uncompressed/real_time	b47ed98fcfd3-dirty	1000000	12660951.0	18.5	18.612	18.345	0.53	13893632.0	3092992.0	0.0	NA	2915296.0
macOS_F_NOCACHE	narrow-int	8192	100	4	ParquetReaderOnlyScan/ZSTD/real_time	b47ed98fcfd3-dirty	1000000	2928107.0	20.122	20.256	20.077	0.37	14286848.0	3092992.0	0.0	NA	188075.0
macOS_F_NOCACHE	narrow-int	65536	1	1	ReaderOnlyScan/real_time	b47ed98fcfd3-dirty	1000000	4508218.0	0.106	0.107	0.106	0.53	6389760.0	216960.0	15.0	42480.0	NA
macOS_F_NOCACHE	narrow-int	65536	1	1	BoundedParallelReaderScan/4/real_time	b47ed98fcfd3-dirty	1000000	4508218.0	0.154	0.16	0.153	1.98	6946816.0	216960.0	15.0	42480.0	NA
macOS_F_NOCACHE	narrow-int	65536	1	1	ParquetReaderOnlyScan/Uncompressed/real_time	b47ed98fcfd3-dirty	1000000	12836080.0	0.133	0.134	0.13	0.97	8683520.0	389888.0	15.0	NA	179737.0
macOS_F_NOCACHE	narrow-int	65536	1	1	ParquetReaderOnlyScan/ZSTD/real_time	b47ed98fcfd3-dirty	1000000	3021716.0	0.253	0.255	0.251	0.52	8994816.0	406720.0	15.0	NA	48883.0
macOS_F_NOCACHE	narrow-int	65536	1	4	ReaderOnlyScan/real_time	b47ed98fcfd3-dirty	1000000	4508218.0	0.192	0.199	0.191	1.89	6701056.0	460800.0	15.0	74400.0	NA
macOS_F_NOCACHE	narrow-int	65536	1	4	BoundedParallelReaderScan/4/real_time	b47ed98fcfd3-dirty	1000000	4508218.0	0.247	0.249	0.245	0.61	7192576.0	460800.0	15.0	74400.0	NA
macOS_F_NOCACHE	narrow-int	65536	1	4	ParquetReaderOnlyScan/Uncompressed/real_time	b47ed98fcfd3-dirty	1000000	12836080.0	0.348	0.353	0.345	0.95	9093120.0	551232.0	15.0	NA	216274.0
macOS_F_NOCACHE	narrow-int	65536	1	4	ParquetReaderOnlyScan/ZSTD/real_time	b47ed98fcfd3-dirty	1000000	3021716.0	0.487	0.489	0.483	0.42	9437184.0	569600.0	15.0	NA	50867.0
macOS_F_NOCACHE	narrow-int	65536	10	1	ReaderOnlyScan/real_time	b47ed98fcfd3-dirty	1000000	4508218.0	0.517	0.522	0.508	1.2	7159808.0	708032.0	13.0	223752.0	NA
macOS_F_NOCACHE	narrow-int	65536	10	1	BoundedParallelReaderScan/4/real_time	b47ed98fcfd3-dirty	1000000	4508218.0	0.396	0.401	0.391	0.92	9109504.0	1336896.0	13.0	223752.0	NA
macOS_F_NOCACHE	narrow-int	65536	10	1	ParquetReaderOnlyScan/Uncompressed/real_time	b47ed98fcfd3-dirty	1000000	12836080.0	0.815	0.838	0.802	1.75	12025856.0	1339968.0	13.0	NA	758565.0
macOS_F_NOCACHE	narrow-int	65536	10	1	ParquetReaderOnlyScan/ZSTD/real_time	b47ed98fcfd3-dirty	1000000	3021716.0	1.285	1.296	1.277	0.5	12877824.0	1370688.0	13.0	NA	195005.0
macOS_F_NOCACHE	narrow-int	65536	10	4	ReaderOnlyScan/real_time	b47ed98fcfd3-dirty	1000000	4508218.0	1.263	1.282	1.252	0.95	9322496.0	2832128.0	13.0	501672.0	NA
macOS_F_NOCACHE	narrow-int	65536	10	4	BoundedParallelReaderScan/4/real_time	b47ed98fcfd3-dirty	1000000	4508218.0	0.691	0.698	0.69	0.48	11927552.0	3774720.0	13.0	501672.0	NA
macOS_F_NOCACHE	narrow-int	65536	10	4	ParquetReaderOnlyScan/Uncompressed/real_time	b47ed98fcfd3-dirty	1000000	12836080.0	2.809	2.851	2.8	0.75	13844480.0	3774720.0	13.0	NA	1074942.0
macOS_F_NOCACHE	narrow-int	65536	10	4	ParquetReaderOnlyScan/ZSTD/real_time	b47ed98fcfd3-dirty	1000000	3021716.0	3.374	3.457	3.358	1.26	14041088.0	3774720.0	13.0	NA	210557.0
macOS_F_NOCACHE	narrow-int	65536	50	1	ReaderOnlyScan/real_time	b47ed98fcfd3-dirty	1000000	4508218.0	1.439	1.45	1.432	0.55	8028160.0	1098240.0	7.0	469752.0	NA
macOS_F_NOCACHE	narrow-int	65536	50	1	BoundedParallelReaderScan/4/real_time	b47ed98fcfd3-dirty	1000000	4508218.0	0.645	0.66	0.64	1.26	13893632.0	2695680.0	7.0	469752.0	NA
macOS_F_NOCACHE	narrow-int	65536	50	1	ParquetReaderOnlyScan/Uncompressed/real_time	b47ed98fcfd3-dirty	1000000	12836080.0	2.615	2.629	2.591	0.59	15876096.0	2695680.0	7.0	NA	1038412.0
macOS_F_NOCACHE	narrow-int	65536	50	1	ParquetReaderOnlyScan/ZSTD/real_time	b47ed98fcfd3-dirty	1000000	3021716.0	3.182	3.197	3.15	0.64	16089088.0	2695680.0	7.0	NA	203459.0
macOS_F_NOCACHE	narrow-int	65536	50	4	ReaderOnlyScan/real_time	b47ed98fcfd3-dirty	1000000	4508218.0	4.881	5.045	4.861	1.61	12206080.0	4392960.0	7.0	1485672.0	NA
macOS_F_NOCACHE	narrow-int	65536	50	4	BoundedParallelReaderScan/4/real_time	b47ed98fcfd3-dirty	1000000	4508218.0	1.549	1.582	1.537	1.14	24526848.0	10782720.0	7.0	1485672.0	NA
macOS_F_NOCACHE	narrow-int	65536	50	4	ParquetReaderOnlyScan/Uncompressed/real_time	b47ed98fcfd3-dirty	1000000	12836080.0	9.588	9.647	9.552	0.4	26525696.0	10782720.0	7.0	NA	2194330.0
macOS_F_NOCACHE	narrow-int	65536	50	4	ParquetReaderOnlyScan/ZSTD/real_time	b47ed98fcfd3-dirty	1000000	3021716.0	10.597	10.722	10.523	0.74	26722304.0	10782720.0	7.0	NA	244430.0
macOS_F_NOCACHE	narrow-int	65536	100	1	ReaderOnlyScan/real_time	b47ed98fcfd3-dirty	1000000	4508218.0	2.282	2.295	2.256	0.74	7192576.0	532480.0	0.0	625640.0	NA
macOS_F_NOCACHE	narrow-int	65536	100	1	BoundedParallelReaderScan/4/real_time	b47ed98fcfd3-dirty	1000000	4508218.0	0.762	0.777	0.753	1.18	11091968.0	2129920.0	0.0	625640.0	NA
macOS_F_NOCACHE	narrow-int	65536	100	1	ParquetReaderOnlyScan/Uncompressed/real_time	b47ed98fcfd3-dirty	1000000	12836080.0	4.591	4.758	4.509	2.29	13172736.0	2129920.0	0.0	NA	711795.0
macOS_F_NOCACHE	narrow-int	65536	100	1	ParquetReaderOnlyScan/ZSTD/real_time	b47ed98fcfd3-dirty	1000000	3021716.0	4.848	4.909	4.822	0.76	13385728.0	2129920.0	0.0	NA	25208.0
macOS_F_NOCACHE	narrow-int	65536	100	4	ReaderOnlyScan/real_time	b47ed98fcfd3-dirty	1000000	4508218.0	9.004	9.112	8.88	0.95	9060352.0	2129920.0	0.0	2502560.0	NA
macOS_F_NOCACHE	narrow-int	65536	100	4	BoundedParallelReaderScan/4/real_time	b47ed98fcfd3-dirty	1000000	4508218.0	2.727	2.762	2.678	1.06	19759104.0	8519680.0	0.0	2502560.0	NA
macOS_F_NOCACHE	narrow-int	65536	100	4	ParquetReaderOnlyScan/Uncompressed/real_time	b47ed98fcfd3-dirty	1000000	12836080.0	17.777	19.094	17.433	3.75	22364160.0	8519680.0	0.0	NA	2847180.0
macOS_F_NOCACHE	narrow-int	65536	100	4	ParquetReaderOnlyScan/ZSTD/real_time	b47ed98fcfd3-dirty	1000000	3021716.0	18.603	18.658	18.56	0.21	22675456.0	8519680.0	0.0	NA	100983.0
macOS_F_NOCACHE	narrow-int	262144	1	1	ReaderOnlyScan/real_time	b47ed98fcfd3-dirty	1000000	4752802.0	0.907	0.913	0.9	0.51	8486912.0	1789824.0	3.0	614088.0	NA
macOS_F_NOCACHE	narrow-int	262144	1	1	BoundedParallelReaderScan/4/real_time	b47ed98fcfd3-dirty	1000000	4752802.0	0.995	1.002	0.977	1.07	8978432.0	1789824.0	3.0	614088.0	NA
macOS_F_NOCACHE	narrow-int	262144	1	1	ParquetReaderOnlyScan/Uncompressed/real_time	b47ed98fcfd3-dirty	1000000	11937702.0	1.348	1.357	1.309	1.28	13631488.0	3297088.0	3.0	NA	2131071.0
macOS_F_NOCACHE	narrow-int	262144	1	1	ParquetReaderOnlyScan/ZSTD/real_time	b47ed98fcfd3-dirty	1000000	2152951.0	2.644	2.662	2.615	0.66	14204928.0	3297088.0	3.0	NA	479462.0
macOS_F_NOCACHE	narrow-int	262144	1	4	ReaderOnlyScan/real_time	b47ed98fcfd3-dirty	1000000	4752802.0	1.259	1.274	1.17	4.11	8765440.0	2033664.0	3.0	1014648.0	NA
macOS_F_NOCACHE	narrow-int	262144	1	4	BoundedParallelReaderScan/4/real_time	b47ed98fcfd3-dirty	1000000	4752802.0	1.245	1.256	1.232	0.64	9240576.0	2033664.0	3.0	1014648.0	NA
macOS_F_NOCACHE	narrow-int	262144	1	4	ParquetReaderOnlyScan/Uncompressed/real_time	b47ed98fcfd3-dirty	1000000	11937702.0	4.149	4.178	4.066	1.11	14270464.0	3901312.0	3.0	NA	2585919.0
macOS_F_NOCACHE	narrow-int	262144	1	4	ParquetReaderOnlyScan/ZSTD/real_time	b47ed98fcfd3-dirty	1000000	2152951.0	5.6	5.616	5.545	0.43	14532608.0	3901312.0	3.0	NA	491271.0
macOS_F_NOCACHE	narrow-int	262144	10	1	ReaderOnlyScan/real_time	b47ed98fcfd3-dirty	1000000	4752802.0	1.206	1.208	1.198	0.33	9551872.0	2521088.0	3.0	614088.0	NA
macOS_F_NOCACHE	narrow-int	262144	10	1	BoundedParallelReaderScan/4/real_time	b47ed98fcfd3-dirty	1000000	4752802.0	1.27	1.284	1.267	0.58	10043392.0	2521088.0	3.0	614088.0	NA
macOS_F_NOCACHE	narrow-int	262144	10	1	ParquetReaderOnlyScan/Uncompressed/real_time	b47ed98fcfd3-dirty	1000000	11937702.0	1.273	1.293	1.262	0.91	12795904.0	3297088.0	3.0	NA	2131071.0
macOS_F_NOCACHE	narrow-int	262144	10	1	ParquetReaderOnlyScan/ZSTD/real_time	b47ed98fcfd3-dirty	1000000	2152951.0	2.626	2.639	2.605	0.43	13025280.0	3297088.0	3.0	NA	479462.0
macOS_F_NOCACHE	narrow-int	262144	10	4	ReaderOnlyScan/real_time	b47ed98fcfd3-dirty	1000000	4752802.0	2.063	2.082	2.051	0.57	12025856.0	4958720.0	3.0	1014648.0	NA
macOS_F_NOCACHE	narrow-int	262144	10	4	BoundedParallelReaderScan/4/real_time	b47ed98fcfd3-dirty	1000000	4752802.0	2.151	2.161	2.125	0.58	13287424.0	4958720.0	3.0	1014648.0	NA
macOS_F_NOCACHE	narrow-int	262144	10	4	ParquetReaderOnlyScan/Uncompressed/real_time	b47ed98fcfd3-dirty	1000000	11937702.0	4.116	4.138	4.083	0.51	14827520.0	4958720.0	3.0	NA	2585919.0
macOS_F_NOCACHE	narrow-int	262144	10	4	ParquetReaderOnlyScan/ZSTD/real_time	b47ed98fcfd3-dirty	1000000	2152951.0	5.606	5.63	5.55	0.48	15056896.0	4958720.0	3.0	NA	491271.0
macOS_F_NOCACHE	narrow-int	262144	50	1	ReaderOnlyScan/real_time	b47ed98fcfd3-dirty	1000000	4752802.0	2.218	2.242	2.212	0.55	11108352.0	3898496.0	1.0	1051144.0	NA
macOS_F_NOCACHE	narrow-int	262144	50	1	BoundedParallelReaderScan/4/real_time	b47ed98fcfd3-dirty	1000000	4752802.0	1.265	1.298	1.252	1.44	16793600.0	6159744.0	1.0	1051144.0	NA
macOS_F_NOCACHE	narrow-int	262144	50	1	ParquetReaderOnlyScan/Uncompressed/real_time	b47ed98fcfd3-dirty	1000000	11937702.0	3.676	3.723	3.66	0.69	19546112.0	6159744.0	1.0	NA	2891878.0
macOS_F_NOCACHE	narrow-int	262144	50	1	ParquetReaderOnlyScan/ZSTD/real_time	b47ed98fcfd3-dirty	1000000	2152951.0	5.421	5.452	5.41	0.32	19775488.0	6159744.0	1.0	NA	540621.0
macOS_F_NOCACHE	narrow-int	262144	50	4	ReaderOnlyScan/real_time	b47ed98fcfd3-dirty	1000000	4752802.0	5.831	5.948	5.782	1.09	25378816.0	15593984.0	1.0	2434984.0	NA
macOS_F_NOCACHE	narrow-int	262144	50	4	BoundedParallelReaderScan/4/real_time	b47ed98fcfd3-dirty	1000000	4752802.0	3.604	3.617	3.583	0.34	27885568.0	15593984.0	1.0	2434984.0	NA
macOS_F_NOCACHE	narrow-int	262144	50	4	ParquetReaderOnlyScan/Uncompressed/real_time	b47ed98fcfd3-dirty	1000000	11937702.0	13.751	13.928	13.559	1.01	29458432.0	15593984.0	1.0	NA	4463182.0
macOS_F_NOCACHE	narrow-int	262144	50	4	ParquetReaderOnlyScan/ZSTD/real_time	b47ed98fcfd3-dirty	1000000	2152951.0	15.97	16.003	15.715	0.71	29802496.0	15593984.0	1.0	NA	587566.0
macOS_F_NOCACHE	narrow-int	262144	100	1	ReaderOnlyScan/real_time	b47ed98fcfd3-dirty	1000000	4752802.0	2.264	2.274	2.234	0.62	10452992.0	2129920.0	0.0	625160.0	NA
macOS_F_NOCACHE	narrow-int	262144	100	1	BoundedParallelReaderScan/4/real_time	b47ed98fcfd3-dirty	1000000	4752802.0	0.754	0.761	0.738	1.12	18366464.0	8125056.0	0.0	625160.0	NA
macOS_F_NOCACHE	narrow-int	262144	100	1	ParquetReaderOnlyScan/Uncompressed/real_time	b47ed98fcfd3-dirty	1000000	11937702.0	4.519	4.717	4.425	2.57	20119552.0	8125056.0	0.0	NA	709845.0
macOS_F_NOCACHE	narrow-int	262144	100	1	ParquetReaderOnlyScan/ZSTD/real_time	b47ed98fcfd3-dirty	1000000	2152951.0	4.706	4.727	4.672	0.39	20414464.0	8125056.0	0.0	NA	21889.0
macOS_F_NOCACHE	narrow-int	262144	100	4	ReaderOnlyScan/real_time	b47ed98fcfd3-dirty	1000000	4752802.0	8.979	9.04	8.878	0.73	17530880.0	8519680.0	0.0	2500640.0	NA
macOS_F_NOCACHE	narrow-int	262144	100	4	BoundedParallelReaderScan/4/real_time	b47ed98fcfd3-dirty	1000000	4752802.0	4.897	4.937	4.89	0.42	28114944.0	17039360.0	0.0	2500640.0	NA
macOS_F_NOCACHE	narrow-int	262144	100	4	ParquetReaderOnlyScan/Uncompressed/real_time	b47ed98fcfd3-dirty	1000000	11937702.0	17.725	17.895	17.642	0.57	29523968.0	17039360.0	0.0	NA	2839380.0
macOS_F_NOCACHE	narrow-int	262144	100	4	ParquetReaderOnlyScan/ZSTD/real_time	b47ed98fcfd3-dirty	1000000	2152951.0	18.621	18.689	18.497	0.44	29753344.0	17039360.0	0.0	NA	87594.0
